original_comments,tokenized_comments,clean_text
cleaning oilထက် cleaning water ကိုပိုအားပေးတယ်   ,"['cleaning', 'oil', 'ထက်', 'cleaning', 'water', 'ကို', 'ပို', 'အားပေး', 'တယ်']","['cleaning', 'oil', 'ထက်', 'cleaning', 'water', 'ပို', 'အားပေး']"
အဆီဖုသမားဆို biodermaအပန်းလေးကောင်းတယ် ,"['အဆီဖု', 'သမား', 'ဆို', 'biodermaအ', 'ပန်း', 'လေး', 'ကောင်း', 'တယ်']","['အဆီဖု', 'သမား', 'bioderma', 'အ', 'ပန်း', 'ကောင်း']"
ပြီးကျ skincare routine ကိုရိုးရိုးလေးထားပြီး အဆီဖုသက်သာမှ serum တို့ essence တို့ထည့်သင့်တယ်ထင်တယ်,"['ပြီး', 'ကျ', 'skincare', 'routine', 'ကို', 'ရိုးရိုး', 'လေး', 'ထား', 'ပြီး', 'အဆီဖု', 'သက်သာ', 'မှ', 'serum', 'တို့', 'essence', 'တို့', 'ထည့်', 'သင့်', 'တယ်', 'ထင်', 'တယ်']","['ကျ', 'skincare', 'routine', 'ရိုးရိုး', 'အဆီဖု', 'သက်သာ', 'serum', 'တို့', 'essence', 'တို့', 'ထည့်', 'သင့်', 'ထင်']"
centellaနဲ့မတည့်တာ,"['centella', 'နဲ့', 'မ', 'တည့်', 'တာ']","['centella', 'မ', 'တည့်']"
တကယ်သိသာတယ် skincare သုံးရင် ပြန်ပြီး exfoliate လုပ်ပေးမှအဆင်ပြေတာမို့,"['တကယ်', 'သိ', 'သာ', 'တယ်', 'skincare', 'သုံး', 'ရင်', 'ပြန်', 'ပြီး', 'exfoliate', 'လုပ်', 'ပေး', 'မှ', 'အဆင်ပြေ', 'တာ', 'မို့']","['တကယ်', 'သိ', 'သာ', 'skincare', 'သုံး', 'exfoliate', 'အဆင်ပြေ', 'မို့']"
ပျောက်သွားပြီလားမသိပေမဲ့,"['ပျောက်', 'သွား', 'ပြီ', 'လား', 'မ', 'သိ', 'ပေ', 'မဲ့']","['ပျောက်', 'မ', 'သိ', 'ပေ', 'မဲ့']"
Salicylic acid ပါတဲ့ cleanser ရယ် essence တစ်မျိုးရယ်သုံးပါ cosrx snail essence သုံးနေတယ်ဆိုဆက်သုံးပါ salicylic acid ကမြုံနေတာတွေ ထွက်လာပါလိမ့်မယ် အနည်းဆုံး တစ်လ လောက်ဆို သိတာလိမ့်မယ်,"['Salicylic', 'acid', 'ပါ', 'တဲ့', 'cleanser', 'ရယ်', 'essence', 'တစ်', 'မျိုး', 'ရယ်', 'သုံး', 'ပါ', 'cosrxsnailessence', 'သုံး', 'နေ', 'တယ်', 'ဆို', 'ဆက်', 'သုံး', 'ပါ', 'salicylic', 'acid', 'က', 'မြုံ', 'နေ', 'တာ', 'တွေ', 'ထွက်', 'လာ', 'ပါ', 'လိမ့်', 'မယ်', 'အနည်းဆုံး', 'တစ်', 'လ', 'လောက်', 'ဆို', 'သိ', 'တာ', 'လိမ့်', 'မယ်']","['Salicylic', 'acid', 'cleanser', 'ရယ်', 'essence', 'မျိုး', 'ရယ်', 'သုံး', 'cosrxsnailessence', 'သုံး', 'ဆက်', 'သုံး', 'salicylic', 'acid', 'မြုံ', 'ထွက်', 'လိမ့်', 'အနည်းဆုံး', 'လ', 'လောက်', 'သိ', 'လိမ့်']"
ကျမ လဲ အရင်တုန်းကအဲလိုဘဲ ဖြစ်တာ လပေါင်းများစွာ ဘာကြောင့်လဲအဖြေရှာမရ... ,"['ကျ', 'မ', 'လဲ', 'အရင်', 'တုန်း', 'က', 'အဲ', 'လို', 'ဘဲ', 'ဖြစ်', 'တာ', 'လ', 'ပေါင်း', 'များ', 'စွာ', 'ဘာ', 'ကြောင့်', 'လဲ', 'အဖြေ', 'ရှာ', 'မ', 'ရ', '...']","['ကျ', 'မ', 'အရင်', 'တုန်း', 'အဲ', 'ဘဲ', 'လ', 'ပေါင်း', 'စွာ', 'ကြောင့်', 'အဖြေ', 'ရှာ', 'မ']"
အဲဒီနောက်ပိုင်း မျက်နှာမှာ အစပ်ဘယ်လောက်စားစား ဝက်ခြံနဲ့အဆီဖုတွေ ပါးသွားပီး မရှိတော့ဘူးရှင့်,"['အဲဒီ', 'နောက်ပိုင်း', 'မျက်နှာ', 'မှာ', 'အစပ်', 'ဘယ်လောက်', 'စား', 'စား', 'ဝက်ခြံ', 'နဲ့', 'အဆီဖု', 'တွေ', 'ပါး', 'သွား', 'ပီး', 'မ', 'ရှိ', 'တော့', 'ဘူး', 'ရှင့်']","['အဲဒီ', 'နောက်ပိုင်း', 'မျက်နှာ', 'အစပ်', 'ဘယ်လောက်', 'စား', 'စား', 'ဝက်ခြံ', 'အဆီဖု', 'ပါး', 'ပီး', 'မ', 'ရှင့်']"
သိသလောက်လေးပြောပေးတာပါ‌,"['သိ', 'သလောက်', 'လေး', 'ပြော', 'ပေး', 'တာ', 'ပါ', '\u200c']","['သိ', 'သလောက်']"
ပြီးတော့မညစ်ပါနဲ့ လက်နဲ့ခနခနမကိုင်ပါနဲ့,"['ပြီး', 'တော့', 'မ', 'ညစ်', 'ပါ', 'နဲ့', 'လက်', 'နဲ့', 'ခနခန', 'မ', 'ကိုင်', 'ပါ', 'နဲ့']","['မ', 'ညစ်', 'လက်', 'ခနခန', 'မ', 'ကိုင်']"
Snail မတည့်ရင် cicaဟာလေးတွေ ပြောင်းသုံးပေး,"['Snail', 'မ', 'တည့်', 'ရင်', 'cica', 'ဟာ', 'လေး', 'တွေ', 'ပြောင်း', 'သုံး', 'ပေး']","['Snail', 'မ', 'တည့်', 'cica', 'ပြောင်း', 'သုံး']"
Teatreeနဲ့အဆင်ပြေရင် teatreeပါတာလေးပြောင်းသုံးကြည့်ပါလားရှင့်,"['Teatree', 'နဲ့', 'အဆင်ပြေ', 'ရင်', 'teatree', 'ပါ', 'တာ', 'လေး', 'ပြောင်း', 'သုံး', 'ကြည့်', 'ပါ', 'လား', 'ရှင့်']","['Teatree', 'အဆင်ပြေ', 'teatree', 'ပြောင်း', 'သုံး', 'ကြည့်']"
ကျွန်တော်လည်းဖြစ်တယ် သက်သာလာပေမဲ့ ဘယ်ဟာနဲ့ သက်သာမှန်းမသိဘူးဖြစ်နေတာ,"['ကျွန်တော်', 'လည်း', 'ဖြစ်', 'တယ်', 'သက်သာ', 'လာ', 'ပေ', 'မဲ့', 'ဘယ်', 'ဟာ', 'နဲ့', 'သက်သာ', 'မှန်း', 'မ', 'သိ', 'ဘူး', 'ဖြစ်', 'နေ', 'တာ']","['ကျွန်တော်', 'သက်သာ', 'ပေ', 'မဲ့', 'ဘယ်', 'သက်သာ', 'မှန်း', 'မ', 'သိ']"
Snail မသုံးပါနဲ့,"['Snail', 'မ', 'သုံး', 'ပါ', 'နဲ့']","['Snail', 'မ', 'သုံး']"
Graymelin mugwort setသုံးကြည့်ပါ အဆီဖု အဆီပြန် ဝက်ခြံအတွက်အဆင်ပြေတယ်,"['Graymelinmugwortset', 'သုံး', 'ကြည့်', 'ပါ', 'အဆီဖု', 'အဆီ', 'ပြန်', 'ဝက်ခြံ', 'အတွက်', 'အဆင်ပြေ', 'တယ်']","['Graymelinmugwortset', 'သုံး', 'ကြည့်', 'အဆီဖု', 'အဆီ', 'ဝက်ခြံ', 'အဆင်ပြေ']"
teatreeပါတဲ့ဟာလေးစမ်းသုံးကြည့်ပါလားတည့်လို့ကတော့ဝင်းမွတ်နေရောပဲကိုယ်ကတည့်တော့ဝက်ခြံအမာရွတ်တွေနဲ့မျက်နှာတောင်ရှင်းထွက်သွားတာ,"['teatree', 'ပါ', 'တဲ့', 'ဟာ', 'လေး', 'စမ်း', 'သုံး', 'ကြည့်', 'ပါ', 'လား', 'တည့်', 'လို့', 'က', 'တော့', 'ဝင်းမွတ်', 'နေ', 'ရော', 'ပဲ', 'ကိုယ်', 'က', 'တည့်', 'တော့', 'ဝက်ခြံ', 'အမာရွတ်', 'တွေ', 'နဲ့', 'မျက်နှာ', 'တောင်', 'ရှင်း', 'ထွက်', 'သွား', 'တာ']","['teatree', 'စမ်း', 'သုံး', 'ကြည့်', 'တည့်', 'လို့', 'ဝင်းမွတ်', 'ရော', 'ကိုယ်', 'တည့်', 'ဝက်ခြံ', 'အမာရွတ်', 'မျက်နှာ', 'တောင်', 'ရှင်း', 'ထွက်']"
Cleansing oil ကြောင့်ဖစ်နိုင်ပါတယ် ညီမလည်း cleansing oil ကြောင့် break out ဖစ်သွားတာ,"['Clean', 'singoil', 'ကြောင့်', 'ဖ', 'စ်', 'နိုင်', 'ပါ', 'တယ်', 'ညီ', 'မ', 'လည်း', 'cleansingoil', 'ကြောင့်', 'breakoutဖစ်', 'သွား', 'တာ']","['Clean', 'singoil', 'ကြောင့်', 'ဖ', 'စ်', 'ညီ', 'မ', 'cleansingoil', 'ကြောင့်', 'breakout', 'ဖစ်']"
တူတူဘဲအစ်မရယ်ပေျာက်အောင်ဘာလိမ်းရမှန်းမသိတော့ဘူး,"['တူတူ', 'ဘဲ', 'အစ်မ', 'ရယ်', 'ပေျာက်', 'အောင်', 'ဘာ', 'လိမ်း', 'ရ', 'မှန်း', 'မ', 'သိ', 'တော့', 'ဘူး']","['တူတူ', 'ဘဲ', 'အစ်မ', 'ရယ်', 'ပေျာက်', 'လိမ်း', 'မှန်း', 'မ', 'သိ']"
အပူများလိူ့ပါ ဝမ်းနူတ်ချပါ,"['အပူ', 'များ', 'လိူ့', 'ပါ', 'ဝမ်း', 'နူတ်', 'ချ', 'ပါ']","['အပူ', 'လိူ့', 'ဝမ်း', 'နူတ်', 'ချ']"
ကိုယ်လဲ ခု အဲ့လိုဖစ်နေလို့,"['ကိုယ်', 'လဲ', 'ခု', 'အဲ့လို', 'ဖ', 'စ်', 'နေ', 'လို့']","['ကိုယ်', 'အဲ့လို', 'ဖ', 'စ်', 'လို့']"
အဲ့ဒါ centella နဲ့ မတည်လို့နေမယ်နော် တည့်ရင်လေ အဆီဖု သက်သာတဲ့အပြင် သူက glow ပါ glow စေတာ,"['အဲ့ဒါ', 'centella', 'နဲ့', 'မ', 'တည်', 'လို့', 'နေ', 'မယ်', 'နော်', 'တည့်', 'ရင်', 'လေ', 'အဆီဖု', 'သက်သာ', 'တဲ့', 'အပြင်', 'သူ', 'က', 'glow', 'ပါ', 'glow', 'စေ', 'တာ']","['အဲ့ဒါ', 'centella', 'မ', 'တည်', 'လို့', 'တည့်', 'အဆီဖု', 'သက်သာ', 'အပြင်', 'glow', 'glow']"
မ try ကြည့်ရသေးဘူးရှင့် btw အဲ့ suncream လေးလဲ review ကောင်းတယ်နော် oily skin နဲ့ အဆင်ပြေလောက်ပါတယ် ပိုသေချာအောင် search ကြည့်နော်,"['မ', 'try', 'ကြည့်', 'ရ', 'သေး', 'ဘူး', 'ရှင့်', 'btw', 'အဲ့', 'sun', 'cream', 'လေး', 'လဲ', 'review', 'ကောင်း', 'တယ်', 'နော်', 'oily', 'skin', 'နဲ့', 'အဆင်ပြေ', 'လောက်', 'ပါ', 'တယ်', 'ပို', 'သေချာ', 'အောင်', 'search', 'ကြည့်', 'နော်']","['မ', 'try', 'ကြည့်', 'ရှင့်', 'btw', 'အဲ့', 'sun', 'cream', 'review', 'ကောင်း', 'oily', 'skin', 'အဆင်ပြေ', 'လောက်', 'ပို', 'သေချာ', 'search', 'ကြည့်']"
centella skin 1004 ကတော့ ကိုနဲ့မတည့်ဘူး ချက်ချင်းအဆီဖုဗြုတ်လိုက်ထားလာတာ,"['centellaskin1004', 'က', 'တော့', 'ကို', 'နဲ့', 'မ', 'တည့်', 'ဘူး', 'ချက်ချင်း', 'အဆီဖု', 'ဗြုတ်', 'လိုက်', 'ထား', 'လာ', 'တာ']","['centellaskin1004', 'မ', 'တည့်', 'ချက်ချင်း', 'အဆီဖု', 'ဗြုတ်']"
Dr.G moisturizer က  oily skin အဆီဖုသမားအဆင်ပြေလားမ သူကcreamဆိုတော့ heavy ဖြစ်လား,"['Dr.', 'G', 'moisturizer', 'က', 'oily', 'skin', 'အဆီဖု', 'သမား', 'အဆင်ပြေ', 'လား', 'မ', 'သူ', 'က', 'cream', 'ဆို', 'တော့', 'heavy', 'ဖြစ်', 'လား']","['Dr', 'G', 'moisturizer', 'oily', 'skin', 'အဆီဖု', 'သမား', 'အဆင်ပြေ', 'မ', 'cream', 'heavy']"
Skin 1004 centella suncream သုံးလားဟင် ကောင်းမကောင်းသိချင်လို့ oily skin pr,"['Skin1004centellasun', 'cream', 'သုံး', 'လား', 'ဟင်', 'ကောင်း', 'မ', 'ကောင်း', 'သိ', 'ချင်', 'လို့', 'oilyskinpr']","['Skin1004centellasun', 'cream', 'သုံး', 'ကောင်း', 'မ', 'ကောင်း', 'သိ', 'လို့', 'oilyskinpr']"
အခုက 47000 လောက်ရှိသွားပီရှင့်,"['အခု', 'က', '47000', 'လောက်', 'ရှိ', 'သွား', 'ပီ', 'ရှင့်']","['အခု', '47000', 'လောက်', 'ပီ', 'ရှင့်']"
dr gလေးက ဘလောက်လဲ,"['drg', 'လေး', 'က', 'ဘလောက်', 'လဲ']","['drg', 'ဘလောက်']"
Centella skin 1004 အဆီဖုသက်သာတာ သိသာလား,"['Centellaskin1004', 'အဆီဖု', 'သက်သာ', 'တာ', 'သိ', 'သာ', 'လား']","['Centellaskin1004', 'အဆီဖု', 'သက်သာ', 'သိ', 'သာ']"
centella နဲ့ တည့်ရင် သုံးကြည့်နော် အဆီဖု သက်သာတဲ့ အပြင် glow ပါ glow စေတယ်,"['centella', 'နဲ့', 'တည့်', 'ရင်', 'သုံး', 'ကြည့်', 'နော်', 'အဆီဖု', 'သက်သာ', 'တဲ့', 'အပြင်', 'glow', 'ပါ', 'glow', 'စေ', 'တယ်']","['centella', 'တည့်', 'သုံး', 'ကြည့်', 'အဆီဖု', 'သက်သာ', 'အပြင်', 'glow', 'glow']"
လက်ရှိဒါလေးတွေသုံးနေပါတယ် အရင်ကအဆီဖုပဲရှိတာပါခုကဝက်ခြံတွေမေးရိုးကနေရောပါးရောတန်းစီထွက်လာတာအဲ့တာဘာဖြစ်တာလဲဟင်ကန်ထွက်တာလားမတည့်တာလေးတွေကဘာမှန်းမသိလို့,"['လက်', 'ရှိ', 'ဒါ', 'လေး', 'တွေ', 'သုံး', 'နေ', 'ပါ', 'တယ်', 'အရင်', 'က', 'အဆီဖု', 'ပဲ', 'ရှိ', 'တာ', 'ပါ', 'ခု', 'က', 'ဝက်ခြံ', 'တွေ', 'မေး', 'ရိုး', 'က', 'နေ', 'ရော', 'ပါး', 'ရော', 'တန်းစီ', 'ထွက်', 'လာ', 'တာ', 'အဲ့', 'တာ', 'ဘာ', 'ဖြစ်', 'တာ', 'လဲ', 'ဟင်', 'ကန်', 'ထွက်', 'တာ', 'လား', 'မ', 'တည့်', 'တာ', 'လေး', 'တွေ', 'က', 'ဘာ', 'မှန်း', 'မ', 'သိ', 'လို့']","['လက်', 'ဒါ', 'သုံး', 'အရင်', 'အဆီဖု', 'ဝက်ခြံ', 'မေး', 'ရိုး', 'ရော', 'ပါး', 'ရော', 'တန်းစီ', 'ထွက်', 'အဲ့', 'ကန်', 'ထွက်', 'မ', 'တည့်', 'မှန်း', 'မ', 'သိ', 'လို့']"
Dr.Gက dry skin သုံးမယ်ဆိုအဆင်ပြေလားရှင့်,"['Dr.Gကdryskin', 'သုံး', 'မယ်', 'ဆို', 'အဆင်ပြေ', 'လား', 'ရှင့်']","['DrG', 'dryskin', 'သုံး', 'အဆင်ပြေ']"
fraijour heartleaf moisturizer review လေး,"['fraijourheartleaf', 'moisturizer', 'review', 'လေး']","['fraijourheartleaf', 'moisturizer', 'review']"
Sensitiveသမား သုံးတဲ့ skin care အားလုံးတူနေတယ်,"['Sensitive', 'သမား', 'သုံး', 'တဲ့', 'skincare', 'အားလုံး', 'တူ', 'နေ', 'တယ်']","['Sensitive', 'သမား', 'သုံး', 'skincare', 'အားလုံး', 'တူ']"
sensitive to oily ဆိုတော့ စိတ်ညစ်တယ် ညီမလေးရေ ခုဟာတွေက sensitive to dry ဘဲ ရှိကြတော့လေ ဘာမှ မတည့်ဘူးဖစ်နေတာ,"['sensitive', 'to', 'oily', 'ဆို', 'တော့', 'စိတ်ညစ်', 'တယ်', 'ညီမလေး', 'ရေ', 'ခု', 'ဟာ', 'တွေ', 'က', 'sensitive', 'todry', 'ဘဲ', 'ရှိ', 'ကြ', 'တော့', 'လေ', 'ဘာ', 'မှ', 'မ', 'တည့်', 'ဘူး', 'ဖ', 'စ်', 'နေ', 'တာ']","['sensitive', 'to', 'oily', 'စိတ်ညစ်', 'ညီမလေး', 'sensitive', 'todry', 'ဘဲ', 'မ', 'တည့်', 'ဖ', 'စ်']"
အခုလက်ရှိ centella serumသုံးနေတာ အဖုတွေထွက်လာတာမတည့်လို့လားဟင်,"['အခု', 'လက်', 'ရှိ', 'centella', 'serum', 'သုံး', 'နေ', 'တာ', 'အဖု', 'တွေ', 'ထွက်', 'လာ', 'တာ', 'မ', 'တည့်', 'လို့', 'လား', 'ဟင်']","['အခု', 'လက်', 'centella', 'serum', 'သုံး', 'အဖု', 'ထွက်', 'မ', 'တည့်', 'လို့']"
ampoule လိမ်းပြီး serum ထပ်လိမ်းရတာလား မလိမ်းပဲ Moisture နဲ့ Sunscreen လိမ်းမယ်ဆိုရင် အဆင်ပြေလားရှင့်,"['ampoule', 'လိမ်း', 'ပြီး', 'serum', 'ထပ်', 'လိမ်း', 'ရ', 'တာ', 'လား', 'မ', 'လိမ်း', 'ပဲ', 'Moisture', 'နဲ့', 'Sun', 'screen', 'လိမ်း', 'မယ်', 'ဆို', 'ရင်', 'အဆင်ပြေ', 'လား', 'ရှင့်']","['ampoule', 'လိမ်း', 'serum', 'ထပ်', 'လိမ်း', 'မ', 'လိမ်း', 'Moisture', 'Sun', 'screen', 'လိမ်း', 'အဆင်ပြေ', 'ရှင့်']"
Centella လေးဘယ်ကဝယ်လဲရှင့်,"['Centella', 'လေး', 'ဘယ်', 'က', 'ဝယ်', 'လဲ', 'ရှင့်']","['Centella', 'ဘယ်', 'ဝယ်', 'ရှင့်']"
အဆီပြန်ပီးချွေးပေါက်ကျယ်လားဟင်အရင်က ကိုယ့်မျက်နှာလည်းအဲ့လိုဝက်ခြံအနီဖုကြီးထွက်ပီးရင်အမာရွတ်ကျန်လို့ ပုံစံတူနေလို့ပါ,"['အဆီ', 'ပြန်', 'ပီး', 'ချွေးပေါက်', 'ကျယ်', 'လား', 'ဟင်', 'အရင်', 'က', 'ကိုယ့်', 'မျက်နှာ', 'လည်း', 'အဲ့လို', 'ဝက်ခြံ', 'အနီ', 'ဖု', 'ကြီး', 'ထွက်', 'ပီး', 'ရင်', 'အမာရွတ်', 'ကျန်', 'လို့', 'ပုံစံ', 'တူ', 'နေ', 'လို့', 'ပါ']","['အဆီ', 'ပီး', 'ချွေးပေါက်', 'ကျယ်', 'အရင်', 'ကိုယ့်', 'မျက်နှာ', 'အဲ့လို', 'ဝက်ခြံ', 'အနီ', 'ဖု', 'ထွက်', 'ပီး', 'အမာရွတ်', 'ကျန်', 'လို့', 'ပုံစံ', 'တူ', 'လို့']"
အဆီဖုတွေထွက်လာလို့ ဘာသုံးရမလဲရှင့် graymelin mugwort serum လိမ်းတာလဲမပျောက်ပဲပိုထွက်လာသလိုခံစားရလို့ skin 1004 tryကြည့်သင့်လားရှင့်,"['အဆီဖု', 'တွေ', 'ထွက်', 'လာ', 'လို့', 'ဘာ', 'သုံး', 'ရ', 'မ', 'လဲ', 'ရှင့်', 'graymelinmugwort', 'serum', 'လိမ်း', 'တာ', 'လဲ', 'မ', 'ပျောက်', 'ပဲ', 'ပို', 'ထွက်', 'လာ', 'သလို', 'ခံစား', 'ရ', 'လို့', 'skin1004try', 'ကြည့်', 'သင့်', 'လား', 'ရှင့်']","['အဆီဖု', 'ထွက်', 'လို့', 'သုံး', 'မ', 'ရှင့်', 'graymelinmugwort', 'serum', 'လိမ်း', 'မ', 'ပျောက်', 'ပို', 'ထွက်', 'သလို', 'ခံစား', 'လို့', 'skin1004try', 'ကြည့်', 'သင့်', 'ရှင့်']"
မျက်နှာမှာဝက်ခြံ​တော့မထွက်ပဲအမဲစက်နဲနဲ​လေးရှိတယ်dry skin ပါရှင့်ဘာသုံးရမလဲဟင်,"['မျက်နှာ', 'မှာ', 'ဝက်ခြံ', '\u200b', 'တော့', 'မ', 'ထွက်', 'ပဲ', 'အမဲစက်', 'နဲနဲ', '\u200b', 'လေး', 'ရှိ', 'တယ်', 'dryskin', 'ပါ', 'ရှင့်', 'ဘာ', 'သုံး', 'ရ', 'မ', 'လဲ', 'ဟင်']","['မျက်နှာ', 'ဝက်ခြံ', 'မ', 'ထွက်', 'အမဲစက်', 'နဲနဲ', 'dryskin', 'ရှင့်', 'သုံး', 'မ']"
Skin 1004 ampouleက မျက်နှာမှာ ဝက်ခြံမရှိလဲ သံုးလို့ရလား နှဖူးမှာအဆီဖုသေးသေး​သေးလေးတွေတော့ရှိတယ် ပြီးတော့ greymelin serum နဲ့ရော နှစ်ခု တွဲသံုးလို့ရလား ရှင့်,"['Skin1004ampoule', 'က', 'မျက်နှာ', 'မှာ', 'ဝက်ခြံ', 'မ', 'ရှိ', 'လဲ', 'သံ', 'ုး', 'လို့', 'ရ', 'လား', 'နှဖူး', 'မှာ', 'အဆီဖု', 'သေး', 'သေး', '\u200b', 'သေး', 'လေး', 'တွေ', 'တော့', 'ရှိ', 'တယ်', 'ပြီး', 'တော့', 'greymelin', 'serum', 'နဲ့', 'ရော', 'နှစ်', 'ခု', 'တွဲ', 'သံ', 'ုး', 'လို့', 'ရ', 'လား', 'ရှင့်']","['Skin1004ampoule', 'မျက်နှာ', 'ဝက်ခြံ', 'မ', 'သံ', 'ုး', 'လို့', 'နှဖူး', 'အဆီဖု', 'greymelin', 'serum', 'ရော', 'တွဲ', 'သံ', 'ုး', 'လို့', 'ရှင့်']"
Serumက ချွေးပေါက်သိသားလားဟင်,"['Serum', 'က', 'ချွေးပေါက်', 'သိ', 'သား', 'လား', 'ဟင်']","['Serum', 'ချွေးပေါက်', 'သိ', 'သား']"
Graymelin serumလေးကသုံးလို့ကောင်းလားရှင့်,"['Graymelin', 'serum', 'လေး', 'က', 'သုံး', 'လို့', 'ကောင်း', 'လား', 'ရှင့်']","['Graymelin', 'serum', 'သုံး', 'လို့', 'ကောင်း', 'ရှင့်']"
ညမအတွက်ကတော့ အဆင်ပြေတယ်ရော် သူရဲ့ texture လေးက မပျစ်ဘူး watery type လေးဘဲ,"['ည', 'မ', 'အတွက်', 'က', 'တော့', 'အဆင်ပြေ', 'တယ်', 'ရော်', 'သူ', 'ရဲ့', 'texture', 'လေး', 'က', 'မ', 'ပျစ်', 'ဘူး', 'water', 'ytype', 'လေး', 'ဘဲ']","['ည', 'မ', 'အဆင်ပြေ', 'ရော်', 'texture', 'မ', 'ပျစ်', 'water', 'ytype', 'ဘဲ']"
Serum ကတော့ခုသုံးနေတာ လုံးဝကိုရှယ်မိုက်ပါသော,"['Serum', 'က', 'တော့', 'ခု', 'သုံး', 'နေ', 'တာ', 'လုံးဝ', 'ကို', 'ရှယ်', 'မိုက်', 'ပါ', 'သော']","['Serum', 'သုံး', 'လုံးဝ', 'ရှယ်', 'မိုက်']"
serum က ဘာအတွက်ကောင်းလဲရှင့် အဲ့ series လိုက်သုံးနေတာပါ serum လေး tryချင်လို့ oily skin ရောအဆင်ပြေလားမသိဘူး,"['serum', 'က', 'ဘာ', 'အတွက်', 'ကောင်း', 'လဲ', 'ရှင့်', 'အဲ့', 'series', 'လိုက်', 'သုံး', 'နေ', 'တာ', 'ပါ', 'serum', 'လေး', 'try', 'ချင်', 'လို့', 'oily', 'skin', 'ရော', 'အဆင်ပြေ', 'လား', 'မ', 'သိ', 'ဘူး']","['serum', 'ကောင်း', 'အဲ့', 'series', 'သုံး', 'serum', 'try', 'လို့', 'oily', 'skin', 'ရော', 'အဆင်ပြေ', 'မ', 'သိ']"
GG serum ကdry skinနဲ့အဆင်ပြေလောက်လားရှင့်,"['GGserumကdryskin', 'နဲ့', 'အဆင်ပြေ', 'လောက်', 'လား', 'ရှင့်']","['GGserum', 'dryskin', 'အဆင်ပြေ', 'လောက်', 'ရှင့်']"
Graymelin mugwort secrum သုံးနေတာပါ အရမ်းကြိုက် အဆီဖုလည်းတော်တော်လေးပါးလာ,"['Gray', 'melinmugwortsecrum', 'သုံး', 'နေ', 'တာ', 'ပါ', 'အရမ်း', 'ကြိုက်', 'အဆီဖု', 'လည်း', 'တော်တော်', 'လေး', 'ပါး', 'လာ']","['Gray', 'melinmugwortsecrum', 'သုံး', 'ကြိုက်', 'အဆီဖု', 'တော်တော်', 'ပါး']"
clay maskသုံးသေးလား ဘာလေးသုံးလဲ,"['clay', 'mask', 'သုံး', 'သေး', 'လား', 'ဘာ', 'လေး', 'သုံး', 'လဲ']","['clay', 'mask', 'သုံး', 'သုံး']"
ကူညီကြပါအုံး toner ကလဲ ကိုယ်သုံးတာလွဲနေတယ် ညွန်းပေးပါအုံး,"['ကူညီ', 'ကြ', 'ပါ', 'အုံး', 'toner', 'က', 'လဲ', 'ကိုယ်', 'သုံး', 'တာ', 'လွဲ', 'နေ', 'တယ်', 'ညွန်', 'း', 'ပေး', 'ပါ', 'အုံး']","['ကူညီ', 'အုံး', 'toner', 'ကိုယ်', 'သုံး', 'လွဲ', 'ညွန်', 'း', 'အုံး']"
Oily to sensitive skin ဆို moisturizer ဘာသုံးရလဲ cetaphil သုံးတာ မတည့်လို့ပါအမည်းဆက်နဲ့အဆီဖုတွေထွက်လာလို့ ဘာသုံးသုံး မတည့်ဘူး အကုန်လုံးက,"['Oilyto', 'sensitive', 'skin', 'ဆို', 'moisturizer', 'ဘာ', 'သုံး', 'ရ', 'လဲ', 'cetaphil', 'သုံး', 'တာ', 'မ', 'တည့်', 'လို့', 'ပါ', 'အမည်း', 'ဆက်', 'နဲ့', 'အဆီဖု', 'တွေ', 'ထွက်', 'လာ', 'လို့', 'ဘာ', 'သုံး', 'သုံး', 'မ', 'တည့်', 'ဘူး', 'အကုန်လုံး', 'က']","['Oilyto', 'sensitive', 'skin', 'moisturizer', 'သုံး', 'cetaphil', 'သုံး', 'မ', 'တည့်', 'လို့', 'အမည်း', 'ဆက်', 'အဆီဖု', 'ထွက်', 'လို့', 'သုံး', 'သုံး', 'မ', 'တည့်', 'အကုန်လုံး']"
Graymelin Serum လေး ပြန်ရောင်းချင်ပါတယ်ရှင့်,"['Graymelin', 'Serum', 'လေး', 'ပြန်', 'ရောင်း', 'ချင်', 'ပါ', 'တယ်', 'ရှင့်']","['Graymelin', 'Serum', 'ရောင်း']"
BOJကလေ miniသုံးတုန်းကတော့ အဆင်ပြေလို့ ဘူးကြီးပြောင်းလိုက်မှ နည်းနည်းပူသလိုဖြစ်လို့လေ ပုံမှန်ဘဲလားမသိဘူး,"['BOJ', 'က', 'လေ', 'mini', 'သုံး', 'တုန်း', 'က', 'တော့', 'အဆင်ပြေ', 'လို့', 'ဘူး', 'ကြီး', 'ပြောင်း', 'လိုက်', 'မှ', 'နည်းနည်း', 'ပူ', 'သလို', 'ဖြစ်', 'လို့', 'လေ', 'ပုံမှန်', 'ဘဲ', 'လား', 'မ', 'သိ', 'ဘူး']","['BOJ', 'mini', 'သုံး', 'တုန်း', 'အဆင်ပြေ', 'လို့', 'ပြောင်း', 'နည်းနည်း', 'ပူ', 'သလို', 'လို့', 'ပုံမှန်', 'ဘဲ', 'မ', 'သိ']"
Tonerကဒီဗူးလေးနဲ့တူတူလား,"['Toner', 'က', 'ဒီ', 'ဗူး', 'လေး', 'နဲ့', 'တူတူ', 'လား']","['Toner', 'ဗူး', 'တူတူ']"
ဒီSkin set လေး ဘယ် pageတွေမှာရလဲ မသိဘူး,"['ဒီ', 'Skinset', 'လေး', 'ဘယ်', 'page', 'တွေ', 'မှာ', 'ရ', 'လဲ', 'မ', 'သိ', 'ဘူး']","['Skinset', 'ဘယ်', 'page', 'မ', 'သိ']"
ဝက်ခြံ အဆီဖု ပေါက်တတ်တဲ့skinဆို ဘာအမျိုးအစားလဲဟင်,"['ဝက်ခြံ', 'အဆီဖု', 'ပေါက်', 'တတ်', 'တဲ့', 'skin', 'ဆို', 'ဘာ', 'အမျိုးအစား', 'လဲ', 'ဟင်']","['ဝက်ခြံ', 'အဆီဖု', 'ပေါက်', 'တတ်', 'skin', 'အမျိုးအစား']"
ဘယ်မှာဝယ်တာလဲရှင့်,"['ဘယ်', 'မှာ', 'ဝယ်', 'တာ', 'လဲ', 'ရှင့်']","['ဘယ်', 'ဝယ်']"
အရမ်းလှနော် မမ,"['အရမ်း', 'လှ', 'နော်', 'မ', 'မ']","['လှ', 'မ', 'မ']"
အရှေ့ဆံပင်လေးကြိုက်လို့ဘယ်လို့ပုံသွင်းတာလဲ sis,"['အရှေ့', 'ဆံပင်', 'လေး', 'ကြိုက်', 'လို့', 'ဘယ်', 'လို့', 'ပုံ', 'သွင်း', 'တာ', 'လဲ', 's', 'is']","['အရှေ့', 'ဆံပင်', 'ကြိုက်', 'လို့', 'ဘယ်', 'လို့', 'ပုံ', 'သွင်း', 's', 'is']"
Trendy C က အမ လား,"['TrendyC', 'က', 'အမ', 'လား']","['TrendyC', 'အမ']"
တကယ်လှတယ် ရုပ်လေးရော လူရော သဘောကျ,"['တကယ်', 'လှ', 'တယ်', 'ရုပ်', 'လေး', 'ရော', 'လူ', 'ရော', 'သဘောကျ']","['တကယ်', 'လှ', 'ရုပ်', 'ရော', 'လူ', 'ရော', 'သဘောကျ']"
လှလိုက်တာ,"['လှ', 'လိုက်', 'တာ']",['လှ']
ပုံသွင်းနည်းလေးပြောပြပါအုံး မခြူး အစ်မပုံလေးပြပီး ညီမတို့မြိူ့မှာဘဲလုပ်လိုက်တာ အဲ့ပုံထွက်မလာဘူး,"['ပုံ', 'သွင်း', 'နည်း', 'လေး', 'ပြော', 'ပြ', 'ပါ', 'အုံး', 'မ', 'ခြူး', 'အစ်မ', 'ပုံ', 'လေး', 'ပြ', 'ပီး', 'ညီ', 'မ', 'တို့', 'မ', 'ြိူ့', 'မှာ', 'ဘဲ', 'လုပ်', 'လိုက်', 'တာ', 'အဲ့', 'ပုံ', 'ထွက်', 'မ', 'လာ', 'ဘူး']","['ပုံ', 'သွင်း', 'နည်း', 'ပြ', 'အုံး', 'မ', 'ခြူး', 'အစ်မ', 'ပုံ', 'ပြ', 'ပီး', 'ညီ', 'မ', 'တို့', 'မ', 'ြိူ့', 'ဘဲ', 'အဲ့', 'ပုံ', 'ထွက်', 'မ']"
ချစ်စရာလေး,"['ချစ်', 'စရာ', 'လေး']","['ချစ်', 'စရာ']"
ဟယ် ကြိုက်လိုက်တာ,"['ဟယ်', 'ကြိုက်', 'လိုက်', 'တာ']",['ကြိုက်']
ချစ်သော,"['ချစ်', 'သော']",['ချစ်']
ဘယ်လောက်ကျလဲပြောပြပေးပါလား,"['ဘယ်လောက်', 'ကျ', 'လဲ', 'ပြော', 'ပြ', 'ပေး', 'ပါ', 'လား']","['ဘယ်လောက်', 'ကျ', 'ပြ']"
Page link pls,"['Page', 'link', 'pls']","['Page', 'link', 'pls']"
လှလိုက်တာ,"['လှ', 'လိုက်', 'တာ']",['လှ']
Pageလေးရှာမတွေ့လို့ရှင့်,"['Page', 'လေး', 'ရှာ', 'မ', 'တွေ့', 'လို့', 'ရှင့်']","['Page', 'ရှာ', 'မ', 'တွေ့', 'လို့']"
Page link ly pls..ma,"['Page', 'linklypls..ma']","['Page', 'linklyplsma']"
ချောလိုက်တာချစ်စရာလေး,"['ချော', 'လိုက်', 'တာ', 'ချစ်', 'စရာ', 'လေး']","['ချော', 'ချစ်', 'စရာ']"
အဲ့လိုေလးေတာ္ေတာ္သေဘာက်,"['အဲ့လို', 'ေလးေတာ္ေတာ္', 'သေ', 'ဘာ', 'က်']","['အဲ့လို', 'ေလးေတာ္ေတာ္', 'သေ', 'က်']"
ဆံပင်ပါးတဲ့သူနဲ့ဆိုမလိုက်လောက်ဘူးထင်တယ် ဆံလုံးသေးလို့ C perm ကကြာရှည်ခံပါ့မလား,"['ဆံပင်', 'ပါး', 'တဲ့', 'သူ', 'နဲ့', 'ဆို', 'မ', 'လိုက်', 'လောက်', 'ဘူး', 'ထင်', 'တယ်', 'ဆံ', 'လုံး', 'သေး', 'လို့', 'Cperm', 'က', 'ကြာရှည်', 'ခံ', 'ပါ့', 'မ', 'လား']","['ဆံပင်', 'ပါး', 'မ', 'လောက်', 'ထင်', 'ဆံ', 'လုံး', 'လို့', 'Cperm', 'ကြာရှည်', 'ခံ', 'ပါ့', 'မ']"
လုပ်ဖို့စဉ်းစားနေတာ အရင်က အကောက်ပဲအမြဲဖြစ်နေတော့ ပျက်စီးတာအရမ်းပဲ ဘယ်လောက်ပေးရလဲဟင်,"['လုပ်', 'ဖို့', 'စဉ်းစား', 'နေ', 'တာ', 'အရင်', 'က', 'အကောက်', 'ပဲ', 'အမြဲ', 'ဖြစ်', 'နေ', 'တော့', 'ပျက်စီး', 'တာ', 'အရမ်း', 'ပဲ', 'ဘယ်လောက်', 'ပေး', 'ရ', 'လဲ', 'ဟင်']","['စဉ်းစား', 'အရင်', 'အကောက်', 'အမြဲ', 'ပျက်စီး', 'ဘယ်လောက်']"
Stylist ​ရွေးရ​သေးလား မင်ခြူး​ရေ,"['Sty', 'list\u200b', 'ရွေး', 'ရ', '\u200b', 'သေး', 'လား', 'မင်', 'ခြူး', '\u200b', 'ရေ']","['Sty', 'list', 'ရွေး', 'မင်', 'ခြူး']"
Hairven Beauty Studio Page Link လေးပါရှင့်,"['HairvenBeautyStudio', 'Page', 'Link', 'လေး', 'ပါ', 'ရှင့်']","['HairvenBeautyStudio', 'Page', 'Link']"
မဆံပင်ကြည့်ရတာ ထိပ်မှာဗွေပါသလိုဘဲနော် ညီမလဲဗွေပါလို့ရှေ့C permလုပ်ဖို့စဉ်းစားထားလို့ပါ,"['မ', 'ဆံပင်', 'ကြည့်', 'ရ', 'တာ', 'ထိပ်', 'မှာ', 'ဗွေ', 'ပါ', 'သလို', 'ဘဲ', 'နော်', 'ညီ', 'မ', 'လဲ', 'ဗွေ', 'ပါ', 'လို့', 'ရှေ့', 'Cperm', 'လုပ်', 'ဖို့', 'စဉ်းစား', 'ထား', 'လို့', 'ပါ']","['မ', 'ဆံပင်', 'ကြည့်', 'ထိပ်', 'ဗွေ', 'သလို', 'ဘဲ', 'ညီ', 'မ', 'ဗွေ', 'လို့', 'ရှေ့', 'Cperm', 'စဉ်းစား', 'လို့']"
လှလိုက်တာ,"['လှ', 'လိုက်', 'တာ']",['လှ']
Pag link လေးချပေးပါမမ,"['Paglink', 'လေး', 'ချ', 'ပေး', 'ပါ', 'မ', 'မ']","['Paglink', 'ချ', 'မ', 'မ']"
ဆိုင်လေးရဲ့ Page လေးပါရှင့်,"['ဆိုင်', 'လေး', 'ရဲ့', 'Page', 'လေး', 'ပါ', 'ရှင့်']","['ဆိုင်', 'Page']"
လှလိုက်တာ,"['လှ', 'လိုက်', 'တာ']",['လှ']
သဘောကျလိုက်တာ,"['သဘောကျ', 'လိုက်', 'တာ']",['သဘောကျ']
ဆံပင်အရှည်ရော လုပ်လို့ရလားဟငါ,"['ဆံပင်', 'အရှည်', 'ရော', 'လုပ်', 'လို့', 'ရ', 'လား', 'ဟ', 'ငါ']","['ဆံပင်', 'အရှည်', 'ရော', 'လို့', 'ဟ', 'ငါ']"
ချစ်စရာလေး မမ,"['ချစ်', 'စရာ', 'လေး', 'မ', 'မ']","['ချစ်', 'စရာ', 'မ', 'မ']"
R+C က တွဲလုပ်လို့ရလားရှင့်,"['R+C', 'က', 'တွဲ', 'လုပ်', 'လို့', 'ရ', 'လား', 'ရှင့်']","['R+C', 'တွဲ', 'လို့', 'ရှင့်']"
အမက အလှလေး,"['အမ', 'က', 'အလှ', 'လေး']","['အမ', 'အလှ']"
Curtain bangsလေးကိုရောC permလုပ်ထားတာလားဟင် ကြိုက်လို့,"['Curtainbangs', 'လေး', 'ကို', 'ရော', 'Cperm', 'လုပ်', 'ထား', 'တာ', 'လား', 'ဟင်', 'ကြိုက်', 'လို့']","['Curtainbangs', 'ရော', 'Cperm', 'ကြိုက်', 'လို့']"
လွရက္လိုက္တာ႐ွင္....,"['လ', 'ွရက္လိုက္တာ႐ွင္.', '...']","['လ', 'ွရက္လိုက္တာ႐ွင္']"
သူများပိုစ့်အောက်မှာ မေးရတာအားတော့နာပါတယ် Mdy မှာစို C perm ဘယ်ဆိုင်ကောင်းလဲရှင့် ညွှန်ပေးကျပါအုံးနော်,"['သူ', 'များ', 'ပိုစ့်', 'အောက်', 'မှာ', 'မေး', 'ရ', 'တာ', 'အား', 'တော့', 'နာ', 'ပါ', 'တယ်', 'Mdy', 'မှာ', 'စို', 'Cperm', 'ဘယ်', 'ဆိုင်', 'ကောင်း', 'လဲ', 'ရှင့်', 'ညွှန်', 'ပေး', 'ကျ', 'ပါ', 'အုံး', 'နော်']","['ပိုစ့်', 'အောက်', 'မေး', 'အား', 'နာ', 'Mdy', 'စို', 'Cperm', 'ဘယ်', 'ဆိုင်', 'ကောင်း', 'ရှင့်', 'ညွှန်', 'ကျ', 'အုံး']"
အခြူးဆံပင်လေးကို သဘောတွေကျနေတာ.. ချွတ်ထားရင်တော့ လုပ်လို့မရလောက်ဘူးထင်တယ်နော်..,"['အ', 'ခြူး', 'ဆံပင်', 'လေး', 'ကို', 'သဘော', 'တွေ', 'ကျ', 'နေ', 'တာ', '..', 'ချွတ်', 'ထား', 'ရင်', 'တော့', 'လုပ်', 'လို့', 'မ', 'ရ', 'လောက်', 'ဘူး', 'ထင်', 'တယ်', 'နော်', '..']","['အ', 'ခြူး', 'ဆံပင်', 'သဘော', 'ကျ', 'ချွတ်', 'လို့', 'မ', 'လောက်', 'ထင်']"
C permဆိုတာဘာလဲဟင်,"['Cperm', 'ဆို', 'တာ', 'ဘာ', 'လဲ', 'ဟင်']",['Cperm']
ချစ်စရာလေး,"['ချစ်', 'စရာ', 'လေး']","['ချစ်', 'စရာ']"
စျေးသိပါရစေရှင့်,"['စျေး', 'သိ', 'ပါ', 'ရ', 'စေ', 'ရှင့်']","['စျေး', 'သိ', 'ရှင့်']"
Price လေးတစ်ချက်လောက်page ကရှာမတွေ့လို့ link လေးတစ်ချက်လောက်ပေးပါလားရှင့်,"['Price', 'လေး', 'တစ်', 'ချက်', 'လောက်', 'page', 'က', 'ရှာ', 'မ', 'တွေ့', 'လို့', 'link', 'လေး', 'တစ်', 'ချက်', 'လောက်', 'ပေး', 'ပါ', 'လား', 'ရှင့်']","['Price', 'ချက်', 'လောက်', 'page', 'ရှာ', 'မ', 'တွေ့', 'လို့', 'link', 'ချက်', 'လောက်', 'ရှင့်']"
လှလိုက်တာ တကယ် တကယ် ကြည့်မ၀ဘူး,"['လှ', 'လိုက်', 'တာ', 'တကယ်', 'တကယ်', 'ကြည့်', 'မ', '၀', 'ဘူး']","['လှ', 'တကယ်', 'တကယ်', 'ကြည့်', 'မ', '၀']"
လှလိုက်တာ,"['လှ', 'လိုက်', 'တာ']",['လှ']
ဆံသားလေးက normal type အရောင်မဆိုးထားပဲ တော်တော်ကျန်းမာနေတာကလဲ,"['ဆံသား', 'လေး', 'က', 'normaltype', 'အရောင်', 'မ', 'ဆိုး', 'ထား', 'ပဲ', 'တော်တော်', 'ကျန်းမာ', 'နေ', 'တာ', 'က', 'လဲ']","['ဆံသား', 'normaltype', 'အရောင်', 'မ', 'ဆိုး', 'တော်တော်', 'ကျန်းမာ']"
လှလိုက်တာ,"['လှ', 'လိုက်', 'တာ']",['လှ']
Price လေးတစ်ချက်ပြောပြပေးပါရှင့်,"['Price', 'လေး', 'တစ်', 'ချက်', 'ပြော', 'ပြ', 'ပေး', 'ပါ', 'ရှင့်']","['Price', 'ချက်', 'ပြ', 'ရှင့်']"
ဘာပြောတာလဲတော့မသိဘူးချောတာပဲသိတယ်လှလှ,"['ဘာ', 'ပြော', 'တာ', 'လဲ', 'တော့', 'မ', 'သိ', 'ဘူး', 'ချော', 'တာ', 'ပဲ', 'သိ', 'တယ်', 'လှ', 'လှ']","['မ', 'သိ', 'ချော', 'သိ', 'လှ', 'လှ']"
လှတယ်ရော် ကိုယ့်ဆံပင်လည်းမမလောက်ပဲ လုပ်ချင်လို့ဘယ်လောက်ကျလဲဟင်,"['လှ', 'တယ်', 'ရော်', 'ကိုယ့်', 'ဆံပင်', 'လည်း', 'မ', 'မ', 'လောက်', 'ပဲ', 'လုပ်', 'ချင်', 'လို့', 'ဘယ်လောက်', 'ကျ', 'လဲ', 'ဟင်']","['လှ', 'ရော်', 'ကိုယ့်', 'ဆံပင်', 'မ', 'မ', 'လောက်', 'လို့', 'ဘယ်လောက်', 'ကျ']"
လှလိုက်တာ,"['လှ', 'လိုက်', 'တာ']",['လှ']
လှလိုက်တာ...,"['လှ', 'လိုက်', 'တာ', '...']",['လှ']
အမ live လွှင့်ရင် ဆံပင်လေးသဘောကျလို့ ssရိုက်ထားသေးတယ်,"['အမ', 'live', 'လွှင့်', 'ရင်', 'ဆံပင်', 'လေး', 'သဘောကျ', 'လို့', 'ss', 'ရိုက်', 'ထား', 'သေး', 'တယ်']","['အမ', 'live', 'လွှင့်', 'ဆံပင်', 'သဘောကျ', 'လို့', 'ss', 'ရိုက်']"
Trendy Cက liveလေးတွေကြည့်ရင်းမခြူးပြောပြလို့ သွားလုပ်တာ၃ကြိမ်ရှိပါပြီ ၃ခါလုံးအရမ်းကြိုက်ပါတယ် နောက်လည်း အဲ့ဆိုင်လေးမှာပဲ လုပ်ဖြစ်မှာပါ,"['TrendyC', 'က', 'live', 'လေး', 'တွေ', 'ကြည့်', 'ရင်း', 'မ', 'ခြူး', 'ပြော', 'ပြ', 'လို့', 'သွား', 'လုပ်', 'တာ', '၃', 'ကြိမ်', 'ရှိ', 'ပါ', 'ပြီ', '၃', 'ခါ', 'လုံး', 'အရမ်း', 'ကြိုက်', 'ပါ', 'တယ်', 'နောက်', 'လည်း', 'အဲ့', 'ဆိုင်', 'လေး', 'မှာ', 'ပဲ', 'လုပ်', 'ဖြစ်', 'မှာ', 'ပါ']","['TrendyC', 'live', 'ကြည့်', 'ရင်း', 'မ', 'ခြူး', 'ပြ', 'လို့', '၃', 'ကြိမ်', '၃', 'ခါ', 'လုံး', 'ကြိုက်', 'အဲ့', 'ဆိုင်']"
ကြိုက်လိုက်တာ ညီမလည်းနဂိုဖြောင့်မို့,"['ကြိုက်', 'လိုက်', 'တာ', 'ညီ', 'မ', 'လည်း', 'နဂို', 'ဖြောင့်', 'မို့']","['ကြိုက်', 'ညီ', 'မ', 'နဂို', 'ဖြောင့်', 'မို့']"
c permလုပ်ထားရင် ခေါင်းလျှော်တိုင်း ပုံပြန်သွင်းရသေးတာလား,"['cperm', 'လုပ်', 'ထား', 'ရင်', 'ခေါင်းလျှော်', 'တိုင်း', 'ပုံ', 'ပြန်', 'သွင်း', 'ရ', 'သေး', 'တာ', 'လား']","['cperm', 'ခေါင်းလျှော်', 'တိုင်း', 'ပုံ', 'သွင်း']"
တကယ်လှတာ,"['တကယ်', 'လှ', 'တာ']","['တကယ်', 'လှ']"
သဘောကျလိုက်တာ ဆံပင်လေးရောလူရော,"['သဘောကျ', 'လိုက်', 'တာ', 'ဆံပင်', 'လေး', 'ရော', 'လူ', 'ရော']","['သဘောကျ', 'ဆံပင်', 'ရော', 'လူ', 'ရော']"
ဈေးလေးတစ်ချက်လောက်ပြောပြပေးပါလားမမ,"['ဈေး', 'လေး', 'တစ်', 'ချက်', 'လောက်', 'ပြော', 'ပြ', 'ပေး', 'ပါ', 'လား', 'မ', 'မ']","['ဈေး', 'ချက်', 'လောက်', 'ပြ', 'မ', 'မ']"
လှတာပဲ သိတယ်ရှင် ပုံလည်းမသွင်းတက်တော့ ဒီတိုင်းပဲ သူများပုံလေးတွေ ဝင်ငမ်းရတာပေါ့,"['လှ', 'တာ', 'ပဲ', 'သိ', 'တယ်', 'ရှင်', 'ပုံ', 'လည်း', 'မ', 'သွင်း', 'တက်', 'တော့', 'ဒီ', 'တိုင်း', 'ပဲ', 'သူ', 'များ', 'ပုံ', 'လေး', 'တွေ', 'ဝင်', 'ငမ်း', 'ရ', 'တာ', 'ပေါ့']","['လှ', 'သိ', 'ရှင်', 'ပုံ', 'မ', 'သွင်း', 'တက်', 'တိုင်း', 'ပုံ', 'ဝင်', 'ငမ်း', 'ပေါ့']"
လှလိုက်တာ လူရောဆံပင်လေးရော,"['လှ', 'လိုက်', 'တာ', 'လူ', 'ရော', 'ဆံပင်', 'လေး', 'ရော']","['လှ', 'လူ', 'ရော', 'ဆံပင်', 'ရော']"
ဆံပင်လေးရော လူလေးရော လှတယ်,"['ဆံပင်', 'လေး', 'ရော', 'လူ', 'လေး', 'ရော', 'လှ', 'တယ်']","['ဆံပင်', 'ရော', 'လူ', 'ရော', 'လှ']"
Hairvenမှာ ဆံပင်​ကောက်တာလည်း အရမ်း​ကောင်းပဲ,"['Hairven', 'မှာ', 'ဆံပင်', '\u200b', 'ကောက်', 'တာ', 'လည်း', 'အရမ်း', '\u200b', 'ကောင်း', 'ပဲ']","['Hairven', 'ဆံပင်', 'ကောက်', 'ကောင်း']"
ကြိုက်တယ် အာ့လိုလေ,"['ကြိုက်', 'တယ်', 'အာ့', 'လို', 'လေ']","['ကြိုက်', 'အာ့']"
ဆိုင် Page Linl လေးပါနော် :,"['ဆိုင်', 'Page', 'Linl', 'လေး', 'ပါ', 'နော်', ':']","['ဆိုင်', 'Page', 'Linl']"
ဘာlipstickလေး ဆိုးထားတာလဲရှင့်,"['ဘာ', 'lip', 'stick', 'လေး', 'ဆိုး', 'ထား', 'တာ', 'လဲ', 'ရှင့်']","['lip', 'stick', 'ဆိုး']"
လှလိုက်တာ လူကော ဆံပင်လေးကော,"['လှ', 'လိုက်', 'တာ', 'လူ', 'ကော', 'ဆံပင်', 'လေး', 'ကော']","['လှ', 'လူ', 'ကော', 'ဆံပင်', 'ကော']"
လှလိုက်တာညီမလေး,"['လှ', 'လိုက်', 'တာ', 'ညီမလေး']","['လှ', 'ညီမလေး']"
လှလိုက်တာ မရယ်,"['လှ', 'လိုက်', 'တာ', 'မ', 'ရယ်']","['လှ', 'မ', 'ရယ်']"
ဘာ shampoo လေးသုံးလည်းရှင့် အရမ်းသဘောကျလို့ပါ,"['ဘာ', 'shampoo', 'လေး', 'သုံး', 'လည်း', 'ရှင့်', 'အရမ်း', 'သဘောကျ', 'လို့', 'ပါ']","['shampoo', 'သုံး', 'ရှင့်', 'သဘောကျ', 'လို့']"
လှလိုက်တာ ဆံပင်လေးရောလူလေးရောပဲ,"['လှ', 'လိုက်', 'တာ', 'ဆံပင်', 'လေး', 'ရော', 'လူ', 'လေး', 'ရော', 'ပဲ']","['လှ', 'ဆံပင်', 'ရော', 'လူ', 'ရော']"
လှလိုက်တာ,"['လှ', 'လိုက်', 'တာ']",['လှ']
ချောလိုက်တာ,"['ချော', 'လိုက်', 'တာ']",['ချော']
အသားအရေကောင်းလိုက်တာ,"['အသားအရေ', 'ကောင်း', 'လိုက်', 'တာ']","['အသားအရေ', 'ကောင်း']"
"အမ ဆိုင်pageရှာမတွေ့လို့ ,linkတချက်ပို့ပေးပါလား ဆိုင်ကရန်ကုန်ကလားရှင့်","['အမ', 'ဆိုင်', 'page', 'ရှာ', 'မ', 'တွေ့', 'လို့', ',', 'link', 'တ', 'ချက်', 'ပို့', 'ပေး', 'ပါ', 'လား', 'ဆိုင်', 'က', 'ရန်ကုန်', 'က', 'လား', 'ရှင့်']","['အမ', 'ဆိုင်', 'page', 'ရှာ', 'မ', 'တွေ့', 'လို့', 'link', 'တ', 'ချက်', 'ပို့', 'ဆိုင်', 'ရန်ကုန်']"
လှလိုက်တာရှင်,"['လှ', 'လိုက်', 'တာ', 'ရှင်']","['လှ', 'ရှင်']"
C perm ကဘာလဲရှင့်,"['Cperm', 'က', 'ဘာ', 'လဲ', 'ရှင့်']",['Cperm']
လှလိုက်တာ သရင်းလေး,"['လှ', 'လိုက်', 'တာ', 'သ', 'ရင်း', 'လေး']","['လှ', 'သ', 'ရင်း']"
လှလိုက်တာ,"['လှ', 'လိုက်', 'တာ']",['လှ']
ဆံပင်အ​ရောင်ဆိုးတာ​လေး​ရောအဆင်​ပြေလားsis,"['ဆံပင်', 'အ\u200bရောင်', 'ဆိုး', 'တာ', '\u200bလေး\u200b', 'ရော', 'အဆင်\u200bပြေ', 'လား', 's', 'is']","['ဆံပင်', 'အရောင်', 'ဆိုး', 'ရော', 'အဆင်ပြေ', 's', 'is']"
ချစ်စရာလေးဟ,"['ချစ်', 'စရာ', 'လေး', 'ဟ']","['ချစ်', 'စရာ', 'ဟ']"
ချောလိုကိတာ ညီမလေးရေ,"['ချော', 'လို', 'က', 'ိ', 'တာ', 'ညီမလေး', 'ရေ']","['ချော', 'ိ', 'ညီမလေး']"
အမရဲ့ live လေးတွေကြည့်ရင်းထဲက မေးချင်နေတာ ဆံပင်လေးကို သဘောကျနေတာ,"['အမ', 'ရဲ့', 'live', 'လေး', 'တွေ', 'ကြည့်', 'ရင်း', 'ထဲ', 'က', 'မေး', 'ချင်', 'နေ', 'တာ', 'ဆံပင်', 'လေး', 'ကို', 'သဘောကျ', 'နေ', 'တာ']","['အမ', 'live', 'ကြည့်', 'ရင်း', 'မေး', 'ဆံပင်', 'သဘောကျ']"
So pretty,['Sopretty'],['Sopretty']
လူရော ဆံပင်လေးရော သဘောကျလိုက်တာ,"['လူ', 'ရော', 'ဆံပင်', 'လေး', 'ရော', 'သဘောကျ', 'လိုက်', 'တာ']","['လူ', 'ရော', 'ဆံပင်', 'ရော', 'သဘောကျ']"
အမလုပ္ခ်င္သလိုပံုစံေလး,"['အမ', 'လ', 'ုပ္ခ်င္သလိုပံုစံေလး']","['အမ', 'လ', 'ုပ္ခ်င္သလိုပံုစံေလး']"
လှလိုက်တာရှင်,"['လှ', 'လိုက်', 'တာ', 'ရှင်']","['လှ', 'ရှင်']"
လွတယ္​ လိုက္​တယ္​ ဒီဆံပင္​ပံု​ေလးနဲ႔,"['လ', 'ွတယ္\u200bလိုက္\u200bတယ္\u200b', 'ဒီ', 'ဆံပင္\u200bပံု\u200bေလးနဲ႔']","['လ', 'ွတယ္လိုက္တယ္', 'ဆံပင္ပံုေလးနဲ႔']"
ကြည့်အုံး သူ့အလှကိုသဘောကျလိုက်တာ,"['ကြည့်', 'အုံး', 'သူ့', 'အလှ', 'ကို', 'သဘောကျ', 'လိုက်', 'တာ']","['ကြည့်', 'အုံး', 'သူ့', 'အလှ', 'သဘောကျ']"
လှလိုက်တာ,"['လှ', 'လိုက်', 'တာ']",['လှ']
ကိုယ် သွားလုပ်လာတာလဲ တလ ပဲရှိသေးတယ်,"['ကိုယ်', 'သွား', 'လုပ်', 'လာ', 'တာ', 'လဲ', 'တ', 'လ', 'ပဲ', 'ရှိ', 'သေး', 'တယ်']","['ကိုယ်', 'တ', 'လ']"
လှလိုက်တာရှင်,"['လှ', 'လိုက်', 'တာ', 'ရှင်']","['လှ', 'ရှင်']"
ဆိုင်လိပ်စာလေးနဲ့ ဆိုင် pageလေးညွှန်းပါအုံး,"['ဆိုင်', 'လိပ်စာ', 'လေး', 'နဲ့', 'ဆိုင်', 'page', 'လေး', 'ညွှန်း', 'ပါ', 'အုံး']","['ဆိုင်', 'လိပ်စာ', 'ဆိုင်', 'page', 'ညွှန်း', 'အုံး']"
အဲ့လိုထား,"['အဲ့လို', 'ထား']",['အဲ့လို']
Hair style Change တော့မယ်,"['Hairstyle', 'Change', 'တော့', 'မယ်']","['Hairstyle', 'Change']"
ကြိုက်လိုက်တာ အဲ့လိုလေး ပုံကျကျလေးလိုချင်လိုက်တာ ပင်ကိုယ်ဆံပင်က ကြမ်းပြီးဖွာတော့ အဆင်ပြေပါ့မလမသိဘူး,"['ကြိုက်', 'လိုက်', 'တာ', 'အဲ့လို', 'လေး', 'ပုံ', 'ကျ', 'ကျ', 'လေး', 'လို', 'ချင်', 'လိုက်', 'တာ', 'ပင်', 'ကိုယ်', 'ဆံပင်', 'က', 'ကြမ်း', 'ပြီး', 'ဖွာ', 'တော့', 'အဆင်ပြေ', 'ပါ့', 'မ', 'လ', 'မ', 'သိ', 'ဘူး']","['ကြိုက်', 'အဲ့လို', 'ပုံ', 'ကျ', 'ကျ', 'ပင်', 'ကိုယ်', 'ဆံပင်', 'ကြမ်း', 'ဖွာ', 'အဆင်ပြေ', 'ပါ့', 'မ', 'လ', 'မ', 'သိ']"
လှလိုက်တာ,"['လှ', 'လိုက်', 'တာ']",['လှ']
အမရယ် ရုပ်လဲချော အသားရည်လဲလှ ဆံပင်လဲကောင်း ဘုရားပေးတဲ့ကံပဲ,"['အမ', 'ရယ်', 'ရုပ်', 'လဲ', 'ချော', 'အသားရည်', 'လဲ', 'လှ', 'ဆံပင်', 'လဲ', 'ကောင်း', 'ဘုရား', 'ပေး', 'တဲ့', 'ကံ', 'ပဲ']","['အမ', 'ရယ်', 'ရုပ်', 'ချော', 'အသားရည်', 'လှ', 'ဆံပင်', 'ကောင်း', 'ဘုရား', 'ကံ']"
Skin care လေးရှယ်လ်​ပေးပါဦး,"['Skincare', 'လေး', 'ရှယ်', 'လ်', '\u200b', 'ပေး', 'ပါ', 'ဦး']","['Skincare', 'ရှယ်', 'လ်', 'ဦး']"
လှလိုက်တာ မမရေ,"['လှ', 'လိုက်', 'တာ', 'မ', 'မ', 'ရေ']","['လှ', 'မ', 'မ']"
အဲ့ဆိုင်ကဆရာမဝါမျိုးနဲ့အမြဲလုပ်နေကြ၊,"['အဲ့', 'ဆိုင်', 'က', 'ဆရာ', 'မ', 'ဝါ', 'မျိုး', 'နဲ့', 'အမြဲ', 'လုပ်', 'နေ', 'ကြ', '၊']","['အဲ့', 'ဆိုင်', 'ဆရာ', 'မ', 'ဝါ', 'မျိုး', 'အမြဲ', '၊']"
အဲ့လိုလေးသဘောကျတယ်,"['အဲ့လို', 'လေး', 'သဘောကျ', 'တယ်']","['အဲ့လို', 'သဘောကျ']"
ဘုရားပေးတဲ့ဆုပါပဲ,"['ဘုရား', 'ပေး', 'တဲ့', 'ဆု', 'ပါ', 'ပဲ']","['ဘုရား', 'ဆု']"
လှလိုက်တာ,"['လှ', 'လိုက်', 'တာ']",['လှ']
မလန် ဘူးလားရှင့်,"['မ', 'လန်', 'ဘူး', 'လား', 'ရှင့်']","['မ', 'လန်']"
ဆုတောင်းကောင်းလိုက်တာအမရယ်,"['ဆုတောင်း', 'ကောင်း', 'လိုက်', 'တာ', 'အမ', 'ရယ်']","['ဆုတောင်း', 'ကောင်း', 'အမ', 'ရယ်']"
ဟုတ်ပကြိုက်လိုက်တာ,"['ဟုတ်', 'ပ', 'ကြိုက်', 'လိုက်', 'တာ']","['ပ', 'ကြိုက်']"
ပုံလေးကျပြီးလှလိုက်တာ  rebound နဲ့ c permကိုဘယ်လောက်ကျလဲ မ,"['ပုံ', 'လေး', 'ကျ', 'ပြီး', 'လှ', 'လိုက်', 'တာ', 'reboundနဲ့cperm', 'ကို', 'ဘယ်လောက်', 'ကျ', 'လဲ', 'မ']","['ပုံ', 'ကျ', 'လှ', 'rebound', 'နဲ့cperm', 'ဘယ်လောက်', 'ကျ', 'မ']"
ကိုတေအဲ့လိုညှပ်ခိုင်းတာ ဘေးနှစ်ဖက်ကိုလန်လန်လေးလို့ပြောတာကို တဖက်ထဲလန်လန်ကြီးလုပ်ပစ်တာ အောက်တေလဲအတွင်းထိကောက်ပစ်တာ ရှေ့မျက်နှာကကြည့်ရင်ဂျူမုံနောက်ကကြည့်ရင်ဂျူမုံအခြောက်မကေ,"['ကို', 'တေ', 'အဲ့လို', 'ညှပ်', 'ခိုင်း', 'တာ', 'ဘေး', 'နှစ်', 'ဖက်', 'ကို', 'လန်လန်', 'လေး', 'လို့', 'ပြော', 'တာ', 'ကို', 'တဖက်', 'ထဲ', 'လန်လန်', 'ကြီး', 'လုပ်', 'ပစ်', 'တာ', 'အောက်', 'တေ', 'လဲ', 'အတွင်း', 'ထိ', 'ကောက်', 'ပစ်', 'တာ', 'ရှေ့', 'မျက်နှာ', 'က', 'ကြည့်', 'ရင်', 'ဂျူမုံ', 'နောက်', 'က', 'ကြည့်', 'ရင်', 'ဂျူမုံ', 'အခြောက်', 'မ', 'ကေ']","['တေ', 'အဲ့လို', 'ညှပ်', 'ခိုင်း', 'ဘေး', 'ဖက်', 'လန်လန်', 'လို့', 'တဖက်', 'လန်လန်', 'ပစ်', 'အောက်', 'တေ', 'အတွင်း', 'ထိ', 'ကောက်', 'ပစ်', 'ရှေ့', 'မျက်နှာ', 'ကြည့်', 'ဂျူမုံ', 'ကြည့်', 'ဂျူမုံ', 'အခြောက်', 'မ', 'ကေ']"
ကိုယ့်အစ်မတွေ ညီမတွေမျက်စိလျင်ချက် မျက်ရစ်တိပ်ကပ်ထားတာလေးပါ မြင်ကြတာတော့,"['ကိုယ့်', 'အစ်မ', 'တွေ', 'ညီ', 'မ', 'တွေ', 'မျက်စိလျင်', 'ချက်', 'မျက်ရစ်', 'တိပ်', 'ကပ်', 'ထား', 'တာ', 'လေး', 'ပါ', 'မြင်', 'ကြ', 'တာ', 'တော့']","['ကိုယ့်', 'အစ်မ', 'ညီ', 'မ', 'မျက်စိလျင်', 'ချက်', 'မျက်ရစ်', 'တိပ်', 'ကပ်', 'မြင်']"
လှလိုက်တာ,"['လှ', 'လိုက်', 'တာ']",['လှ']
လူလေးကလဲနဂိုလှကိုး,"['လူ', 'လေး', 'က', 'လဲ', 'နဂို', 'လှ', 'ကိုး']","['လူ', 'နဂို', 'လှ', 'ကိုး']"
So pretty,['Sopretty'],['Sopretty']
ကိုယ်လဲ Hairven သွားပြီးကတည်းကဘယ်ဆိုင်မှခြေဦးမလှည့်တော့တာ၃နှစ်ကျော်ပီ ဆိုင်ကအစ်မတွေကစေတနာတကယ်ပါတာ ကိုယ်လဲသူငယ်ချင်းတွေလာမေးရင်အဲ့ပဲညွှန်းပေးမိတယ်,"['ကိုယ်', 'လဲ', 'Hairven', 'သွား', 'ပြီး', 'က', 'တည်း', 'က', 'ဘယ်', 'ဆိုင်', 'မှ', 'ခြေ', 'ဦး', 'မ', 'လှည့်', 'တော့', 'တာ', '၃', 'နှစ်', 'ကျော်', 'ပီ', 'ဆိုင်', 'က', 'အစ်မ', 'တွေ', 'က', 'စေတနာ', 'တကယ်', 'ပါ', 'တာ', 'ကိုယ်', 'လဲ', 'သူငယ်ချင်း', 'တွေ', 'လာ', 'မေး', 'ရင်', 'အဲ့', 'ပဲ', 'ညွှန်း', 'ပေး', 'မိ', 'တယ်']","['ကိုယ်', 'Hairven', 'တည်း', 'ဘယ်', 'ဆိုင်', 'ခြေ', 'မ', 'လှည့်', '၃', 'ကျော်', 'ပီ', 'ဆိုင်', 'အစ်မ', 'စေတနာ', 'တကယ်', 'ကိုယ်', 'သူငယ်ချင်း', 'မေး', 'အဲ့', 'ညွှန်း']"
ဆိုင်လိပ်စာလေး ပြောပေးလို့ရလားရှင်ြ,"['ဆိုင်', 'လိပ်စာ', 'လေး', 'ပြော', 'ပေး', 'လို့', 'ရ', 'လား', 'ရှင်', 'ြ']","['ဆိုင်', 'လိပ်စာ', 'လို့', 'ရှင်', 'ြ']"
အဲ့လိုဆိုင်မျိုးလေးရှာနေတာ ကျေးဇူးနော်,"['အဲ့လို', 'ဆိုင်', 'မျိုး', 'လေး', 'ရှာ', 'နေ', 'တာ', 'ကျေးဇူး', 'နော်']","['အဲ့လို', 'ဆိုင်', 'မျိုး', 'ရှာ', 'ကျေးဇူး']"
ကြိုက်လို့မနက်ကတွေ့ကတည်းကsave ထားတာ အဲ့လိုလေးလုပ်ရအောင်လို့,"['ကြိုက်', 'လို့', 'မနက်', 'က', 'တွေ့', 'က', 'တည်း', 'က', 'save', 'ထား', 'တာ', 'အဲ့လို', 'လေး', 'လုပ်', 'ရ', 'အောင်', 'လို့']","['ကြိုက်', 'လို့', 'မနက်', 'တွေ့', 'တည်း', 'save', 'အဲ့လို', 'လို့']"
C permလေးလုပ်တာကောဘယ်လောက်ပေးရလဲဟင်,"['Cperm', 'လေး', 'လုပ်', 'တာ', 'ကော', 'ဘယ်လောက်', 'ပေး', 'ရ', 'လဲ', 'ဟင်']","['Cperm', 'ကော', 'ဘယ်လောက်']"
လှလိုက်တာ တအား,"['လှ', 'လိုက်', 'တာ', 'တအား']","['လှ', 'တအား']"
လှလို့,"['လှ', 'လို့']","['လှ', 'လို့']"
ဆံပင်ပုံကျကျလေးနဲ့ ဆံပင်နဂိုဖြောင့်တေဆို  အားကျသောပါပဲ,"['ဆံပင်', 'ပုံ', 'ကျ', 'ကျ', 'လေး', 'နဲ့', 'ဆံပင်', 'နဂို', 'ဖြောင့်', 'တေ', 'ဆို', 'အား', 'ကျ', 'သော', 'ပါ', 'ပဲ']","['ဆံပင်', 'ပုံ', 'ကျ', 'ကျ', 'ဆံပင်', 'နဂို', 'ဖြောင့်', 'တေ', 'အား', 'ကျ']"
မရေ အဲ့ c permလေးက ရှေ့ကဆံပင်ကိုပဲလုပ်တာလားဟင်,"['မ', 'ရေ', 'အဲ့', 'cperm', 'လေး', 'က', 'ရှေ့', 'က', 'ဆံပင်', 'ကို', 'ပဲ', 'လုပ်', 'တာ', 'လား', 'ဟင်']","['မ', 'အဲ့', 'cperm', 'ရှေ့', 'ဆံပင်']"
မန်းလေးမှာဆံပင်ဆိုင်ဘယ်ဆိုင်ကောင်းလဲရှင့်,"['မန်း', 'လေး', 'မှာ', 'ဆံပင်', 'ဆိုင်', 'ဘယ်', 'ဆိုင်', 'ကောင်း', 'လဲ', 'ရှင့်']","['မန်း', 'ဆံပင်', 'ဆိုင်', 'ဘယ်', 'ဆိုင်', 'ကောင်း']"
လှလိုက်တာ,"['လှ', 'လိုက်', 'တာ']",['လှ']
လှလိုက်တာ,"['လှ', 'လိုက်', 'တာ']",['လှ']
ဆံပင် ပုံသွင်းတာကျ ဘာနဲ့သွင်းလဲစင်,"['ဆံပင်', 'ပုံ', 'သွင်း', 'တာ', 'ကျ', 'ဘာ', 'နဲ့', 'သွင်း', 'လဲ', 'စင်']","['ဆံပင်', 'ပုံ', 'သွင်း', 'ကျ', 'သွင်း', 'စင်']"
အဲ့လိုဆံပင်လေးကိုဘယ်လိုဖီးရမလဲမမရေ,"['အဲ့လို', 'ဆံပင်', 'လေး', 'ကို', 'ဘယ်လို', 'ဖီး', 'ရ', 'မ', 'လဲ', 'မ', 'မ', 'ရေ']","['အဲ့လို', 'ဆံပင်', 'ဘယ်လို', 'ဖီး', 'မ', 'မ', 'မ']"
Digital permလုပ်ပီးမကြိုက်လို့ rebound ပြန်လုပ်ချင်တာ ဘလောက်လောက်စောင့်ရမလဲ မမရေ,"['Digital', 'per', 'm', 'လုပ်', 'ပီး', 'မ', 'ကြိုက်', 'လို့', 'rebound', 'ပြန်', 'လုပ်', 'ချင်', 'တာ', 'ဘလောက်', 'လောက်', 'စောင့်', 'ရ', 'မ', 'လဲ', 'မ', 'မ', 'ရေ']","['Digital', 'per', 'm', 'ပီး', 'မ', 'ကြိုက်', 'လို့', 'rebound', 'ဘလောက်', 'လောက်', 'စောင့်', 'မ', 'မ', 'မ']"
အနီရဲရဲစိုစိုေလးဆိုဘယ္no.ဝယ္ရမလဲဟင္ reviewsေကာင္းလြန္းလို႔စမ္းသံုးၾကည့္မလို႔,"['အနီ', 'ရဲ', 'ရဲ', 'စိုစို', 'ေလးဆိုဘယ္no.ဝယ္', 'ရ', 'မ', 'လဲ', 'ဟ', 'င္reviewsေကာင္းလြန္း', 'လို', '႔စမ္းသံုးၾကည့္', 'မ', 'လို႔']","['အနီ', 'ရဲ', 'ရဲ', 'စိုစို', 'ေလးဆိုဘယ္noဝယ္', 'မ', 'ဟ', 'င္reviewsေကာင္းလြန္း', '႔စမ္းသံုးၾကည့္', 'မ', 'လို႔']"
In-stock ရနိုင်မယ့်pageလေးသိရင်ပြောပေးကြပါဦးရှင့်,"['In', '-', 'stock', 'ရ', 'နိုင်', 'မယ့်', 'page', 'လေး', 'သိ', 'ရင်', 'ပြော', 'ပေး', 'ကြ', 'ပါ', 'ဦး', 'ရှင့်']","['In', '-', 'stock', 'မယ့်', 'page', 'သိ', 'ရှင့်']"
ဟုတ်ပါ့တကယ့်ကို စွဲသွားတာ,"['ဟုတ်', 'ပါ့', 'တကယ့်', 'ကို', 'စွဲ', 'သွား', 'တာ']","['ပါ့', 'တကယ့်', 'စွဲ']"
တကယ်ကောင်းသောနော် နူးညံအိစက် ကိုယ့်အသဲစွဲပဲ,"['တကယ်', 'ကောင်း', 'သော', 'နော်', 'နူးညံ', 'အိစက်', 'ကိုယ့်', 'အသဲစွဲ', 'ပဲ']","['တကယ်', 'ကောင်း', 'နူးညံ', 'အိစက်', 'ကိုယ့်', 'အသဲစွဲ']"
အဲ့ဒီ tintတွေတော့မသိဖူး romand zero matt ကတော့ kissproof လုံးဝဖြစ်ဖူးနော် ၂/၃မိနစ်လောက်ဆို ပျက်ပီ,"['အဲ့ဒီ', 'tint', 'တွေ', 'တော့', 'မ', 'သိ', 'ဖူး', 'romandzeromatt', 'က', 'တော့', 'kissproof', 'လုံးဝ', 'ဖြစ်', 'ဖူး', 'နော်', '၂', '/', '၃', 'မိနစ်', 'လောက်', 'ဆို', 'ပျက်', 'ပီ']","['အဲ့ဒီ', 'tint', 'မ', 'သိ', 'ဖူး', 'romandzeromatt', 'kissproof', 'လုံးဝ', 'ဖူး', '၂', '/', '၃', 'မိနစ်', 'လောက်', 'ပျက်', 'ပီ']"
သူ့လဲဝယ်ပြီးရော Periperaကိုမဆိုးဖြစ်တော့ဘူး,"['သူ့', 'လဲ', 'ဝယ်', 'ပြီး', 'ရော', 'Peripera', 'ကို', 'မ', 'ဆိုး', 'ဖြစ်', 'တော့', 'ဘူး']","['သူ့', 'ဝယ်', 'ရော', 'Peripera', 'မ', 'ဆိုး']"
Blur tint တစ်ချောင်းတည်းနဲ့တင် romand fanဖြစ်သွားတာ,"['Blurtint', 'တစ်', 'ချောင်း', 'တည်း', 'နဲ့', 'တင်', 'romandfan', 'ဖြစ်', 'သွား', 'တာ']","['Blurtint', 'ချောင်း', 'တည်း', 'တင်', 'romandfan']"
ဒါလေးရောကောင်းလားရှင့်,"['ဒါ', 'လေး', 'ရော', 'ကောင်း', 'လား', 'ရှင့်']","['ဒါ', 'ရော', 'ကောင်း']"
တကယ်ကောင်းတာပါ မ ရေ...ညီမလေး လည်း အရမ်းကြိုက်..ကာလထွက် အရမ်းကောင်း...ဆိုးဖူးသမျှတွေထဲ အကြိုက်ဆုံး မို့ အခုရက်ပိုင်း ဒါပဲဆိုးနေမိ...no(18)...ညီမ က မန်းလေး ကဆိုတော့ ရီရှင်း မှာ ရှိတဲ့ counter ကနေ  ဝယ်ခဲ့တာပါ,"['တကယ်', 'ကောင်း', 'တာ', 'ပါ', 'မ', 'ရေ', '...', 'ညီမလေး', 'လည်း', 'အရမ်း', 'ကြိုက်', '..', 'ကာလ', 'ထွက်', 'အရမ်း', 'ကောင်း', '...', 'ဆိုး', 'ဖူး', 'သမျှ', 'တွေ', 'ထဲ', 'အကြိုက်ဆုံး', 'မို့', 'အခု', 'ရက်', 'ပိုင်း', 'ဒါ', 'ပဲ', 'ဆိုး', 'နေ', 'မိ', '...', 'no(18', ')', '...', 'ညီ', 'မ', 'က', 'မန်း', 'လေး', 'က', 'ဆို', 'တော့', 'ရီရှင်း', 'မှာ', 'ရှိ', 'တဲ့', 'counter', 'က', 'နေ', 'ဝယ်', 'ခဲ့', 'တာ', 'ပါ']","['တကယ်', 'ကောင်း', 'မ', 'ညီမလေး', 'ကြိုက်', 'ကာလ', 'ထွက်', 'ကောင်း', 'ဆိုး', 'ဖူး', 'သမျှ', 'အကြိုက်ဆုံး', 'မို့', 'အခု', 'ရက်', 'ပိုင်း', 'ဒါ', 'ဆိုး', 'no18', 'ညီ', 'မ', 'မန်း', 'ရီရှင်း', 'counter', 'ဝယ်']"
Blur tintေလးေတာ့ႀကိဳက္တယ္ ညီမက1ေလး၀ယ္ထားတာကိုယ္လည္းလူမမာနွုတ္ခမ္းဆိုေတာ့၀ယ္ၿပ္ီးမွအေရာင္ေဖ်ာ့ၿပီးမလိုက္မွာစိုးေနတာ juicy tintေလးဘယ္ကေနမွာရင္အဆင္ေျပမလဲမသိဘူး,"['Blurtintေလးေတာ့ႀကိဳ', 'က', '္တယ္ညီမက1ေလး၀ယ္', 'ထား', 'တာ', 'ကို', 'ယ္လည္းလူမမာနွုတ္ခမ္း', 'ဆို', 'ေတာ့၀ယ္ၿပ္ီး', 'မ', 'ွအေရာင္ေဖ်ာ့ၿပီး', 'မ', 'လို', 'က', '္မွာစိုးေန', 'တာ', 'juicytintေလးဘယ္', 'က', 'ေနမွာရင္အဆင္ေျပ', 'မ', 'လဲ', 'မ', 'သိ', 'ဘူး']","['Blurtintေလးေတာ့ႀကိဳ', '္တယ္ညီမက1ေလး၀ယ္', 'ယ္လည္းလူမမာနွုတ္ခမ္း', 'ေတာ့၀ယ္ၿပ္ီး', 'မ', 'ွအေရာင္ေဖ်ာ့ၿပီး', 'မ', '္မွာစိုးေန', 'juicytintေလးဘယ္', 'ေနမွာရင္အဆင္ေျပ', 'မ', 'မ', 'သိ']"
Zero tint လည်း long last ဖြစ်တယ် ၈နာရီလောက်ခံသလိုပဲ texture ကတော့ ပြောစရာမလို zero tint အကြိုက်ဆုံးလောက်ကျ,"['Zerotint', 'လည်း', 'long', 'last', 'ဖြစ်', 'တယ်', '၈', 'နာရီ', 'လောက်', 'ခံ', 'သလို', 'ပဲ', 'texture', 'က', 'တော့', 'ပြော', 'စရာ', 'မ', 'လို', 'zerotint', 'အကြိုက်ဆုံး', 'လောက်', 'ကျ']","['Zerotint', 'long', 'last', '၈', 'နာရီ', 'လောက်', 'ခံ', 'သလို', 'texture', 'စရာ', 'မ', 'zerotint', 'အကြိုက်ဆုံး', 'လောက်', 'ကျ']"
Juicy lasting ကလေ ၂ချောင်းဝယ်ထားတာ ဆိုးကာစ အရမ်းလှတယ် နောက်ကျ ကာလာက ပြောင်းသွားပီ နှုတ်ခမ်းပြာသလိုလို အရောင်ဖြစ်သွားတာ အမြဲ ဆိုးကာစ အရောင်နဲ့ကိုမတူတော့ဘဲ ခရမ်းဘက်ရောက်ရောက်သွားလို့ ၂ရောင်လုံး အဲလိုဖြစ်လားဟင်,"['Juicylasting', 'က', 'လေ', '၂', 'ချောင်း', 'ဝယ်', 'ထား', 'တာ', 'ဆိုး', 'ကာ', 'စ', 'အရမ်း', 'လှ', 'တယ်', 'နောက်', 'ကျ', 'ကာ', 'လာ', 'က', 'ပြောင်း', 'သွား', 'ပီ', 'နှုတ်ခမ်း', 'ပြာ', 'သလို', 'လို', 'အရောင်', 'ဖြစ်', 'သွား', 'တာ', 'အမြဲ', 'ဆိုး', 'ကာ', 'စ', 'အရောင်', 'နဲ့', 'ကို', 'မ', 'တူ', 'တော့', 'ဘဲ', 'ခရမ်း', 'ဘက်', 'ရောက်', 'ရောက်', 'သွား', 'လို့', '၂', 'ရောင်', 'လုံး', 'အဲ', 'လို', 'ဖြစ်', 'လား', 'ဟင်']","['Juicylasting', '၂', 'ချောင်း', 'ဝယ်', 'ဆိုး', 'ကာ', 'စ', 'လှ', 'ကျ', 'ကာ', 'ပြောင်း', 'ပီ', 'နှုတ်ခမ်း', 'ပြာ', 'သလို', 'အရောင်', 'အမြဲ', 'ဆိုး', 'ကာ', 'စ', 'အရောင်', 'မ', 'တူ', 'ဘဲ', 'ခရမ်း', 'ဘက်', 'လို့', '၂', 'ရောင်', 'လုံး', 'အဲ']"
အနံ့တွေကကောအဆင်ပြေလားဟင်,"['အနံ့', 'တွေ', 'က', 'ကော', 'အဆင်ပြေ', 'လား', 'ဟင်']","['အနံ့', 'ကော', 'အဆင်ပြေ']"
အာ့အရောင်လေး ဘယ်မှာရနိုင်လဲဗျ,"['အာ့', 'အရောင်', 'လေး', 'ဘယ်', 'မှာ', 'ရ', 'နိုင်', 'လဲ', 'ဗျ']","['အာ့', 'အရောင်', 'ဘယ်', 'ဗျ']"
ဒါလေးကော အဆင်ပြေလားရှင့်..... ပြောပြကြပါဦး,"['ဒါ', 'လေး', 'ကော', 'အဆင်ပြေ', 'လား', 'ရှင့်', '...', '..', 'ပြော', 'ပြ', 'ကြ', 'ပါ', 'ဦး']","['ဒါ', 'ကော', 'အဆင်ပြေ', 'ပြ']"
Romand ဆိုးပီး တခြားနှုတ်ခမ်းနီမတိုးတော့တဲ့ ရောဂါရနေပါပီ  ခုလဲ ဒါလေး တအားလိုချင်နေတာ,"['Rom', 'and', 'ဆိုး', 'ပီး', 'တခြား', 'နှုတ်ခမ်းနီ', 'မ', 'တိုး', 'တော့', 'တဲ့', 'ရောဂါ', 'ရ', 'နေ', 'ပါ', 'ပီ', 'ခု', 'လဲ', 'ဒါ', 'လေး', 'တအား', 'လို', 'ချင်', 'နေ', 'တာ']","['Rom', 'and', 'ဆိုး', 'ပီး', 'တခြား', 'နှုတ်ခမ်းနီ', 'မ', 'တိုး', 'ရောဂါ', 'ပီ', 'ဒါ', 'တအား']"
ဒါလေးလဲ ဆိုးဖူးရင် review လေးပေးပါရှင် ။ အဲ့လို oldskool နဲ့ အရောင်လေးတအားကြိုက်နေလို့,"['ဒါ', 'လေး', 'လဲ', 'ဆိုး', 'ဖူး', 'ရင်', 'review', 'လေး', 'ပေး', 'ပါ', 'ရှင်', '။', 'အဲ့လို', 'oldskool', 'နဲ့', 'အရောင်', 'လေး', 'တအား', 'ကြိုက်', 'နေ', 'လို့']","['ဒါ', 'ဆိုး', 'ဖူး', 'review', 'ရှင်', '။', 'အဲ့လို', 'oldskool', 'အရောင်', 'တအား', 'ကြိုက်', 'လို့']"
Instock ဘယ်မှာရလဲလှည်းတန်းမှာဆိုရင် ဘယ်နေရာ မှာရနိုင်လဲဟင်,"['In', 'stock', 'ဘယ်', 'မှာ', 'ရ', 'လဲ', 'လှည်းတန်း', 'မှာ', 'ဆို', 'ရင်', 'ဘယ်', 'နေ', 'ရာ', 'မှာ', 'ရ', 'နိုင်', 'လဲ', 'ဟင်']","['In', 'stock', 'ဘယ်', 'လှည်းတန်း', 'ဘယ်', 'ရာ']"
တကယ်ကုမရတဲ့ရောဂါဖြစ်နေတာပါဆို,"['တကယ်', 'ကု', 'မ', 'ရ', 'တဲ့', 'ရောဂါ', 'ဖြစ်', 'နေ', 'တာ', 'ပါ', 'ဆို']","['တကယ်', 'ကု', 'မ', 'ရောဂါ']"
ရောဂါကူးသွားပြီ,"['ရောဂါ', 'ကူး', 'သွား', 'ပြီ']","['ရောဂါ', 'ကူး']"
ဝယ်မိအောင်စွဲဆောင်နေသော,"['ဝယ်', 'မိ', 'အောင်', 'စွဲဆောင်', 'နေ', 'သော']","['ဝယ်', 'စွဲဆောင်']"
Review လေးအတွက်ကျေးဇူးပါ,"['Review', 'လေး', 'အတွက်', 'ကျေးဇူး', 'ပါ']","['Review', 'ကျေးဇူး']"
အစထဲက ရောဂါတက်နေပါတယ်ဆို သူကပိုဆိုး,"['အစ', 'ထဲ', 'က', 'ရောဂါ', 'တက်', 'နေ', 'ပါ', 'တယ်', 'ဆို', 'သူ', 'က', 'ပို', 'ဆိုး']","['အစ', 'ရောဂါ', 'တက်', 'ပို', 'ဆိုး']"
Romand ရောဂါ ကုရင်တောင်ပျောက်ချင်မှပျောက်မှာ ဒီမှာ blue fudge tint 2ချောင်းဝယ်ပြီး ကျန်တာတွေလည်း Romand မှမရရင်​သေမလိုဖြစ်နေပြီ,"['Rom', 'and', 'ရောဂါ', 'ကု', 'ရင်', 'တောင်', 'ပျောက်', 'ချင်', 'မှ', 'ပျောက်', 'မှာ', 'ဒီ', 'မှာ', 'bluefudgetint2', 'ချောင်း', 'ဝယ်', 'ပြီး', 'ကျန်', 'တာ', 'တွေ', 'လည်း', 'Rom', 'and', 'မှ', 'မ', 'ရ', 'ရင်', '\u200b', 'သေ', 'မ', 'လို', 'ဖြစ်', 'နေ', 'ပြီ']","['Rom', 'and', 'ရောဂါ', 'ကု', 'တောင်', 'ပျောက်', 'ပျောက်', 'bluefudgetint2', 'ချောင်း', 'ဝယ်', 'ကျန်', 'Rom', 'and', 'မ', 'သေ', 'မ']"
နာရီ​လေးကဘာbrand​လေးလဲဟင်,"['နာရီ', '\u200b', 'လေး', 'က', 'ဘာ', 'brand', '\u200b', 'လေး', 'လဲ', 'ဟင်']","['နာရီ', 'brand']"
အပြင်မာသေချာအရောင်ရွေးဝယ်ချင်ရင်ကော ဘယ်ကဝယ်ရမလဲဟင်အမ,"['အပြင်', 'မာ', 'သေချာ', 'အရောင်', 'ရွေး', 'ဝယ်', 'ချင်', 'ရင်', 'ကော', 'ဘယ်', 'က', 'ဝယ်', 'ရ', 'မ', 'လဲ', 'ဟင်', 'အမ']","['အပြင်', 'မာ', 'သေချာ', 'အရောင်', 'ရွေး', 'ဝယ်', 'ကော', 'ဘယ်', 'ဝယ်', 'မ', 'အမ']"
လိ‌‌မ္မော်အနီဘက်မသွားပဲ အပန်းအနီ လိုဘက်သွားတာမျိုးဆို အက် brand ထဲက ဘာအရောင်လေးဝယ်သင့်လဲရှင့် အကြံပေးပါအုန်း,"['လ', 'ိ\u200c\u200cမ္', 'မော်', 'အနီ', 'ဘက်', 'မ', 'သွား', 'ပဲ', 'အပန်း', 'အနီ', 'လို', 'ဘက်', 'သွား', 'တာ', 'မျိုး', 'ဆို', 'အက်', 'brand', 'ထဲ', 'က', 'ဘာ', 'အရောင်', 'လေး', 'ဝယ်', 'သင့်', 'လဲ', 'ရှင့်', 'အကြံပေး', 'ပါ', 'အုန်း']","['လ', 'ိမ္', 'မော်', 'အနီ', 'ဘက်', 'မ', 'အပန်း', 'အနီ', 'ဘက်', 'မျိုး', 'အက်', 'brand', 'အရောင်', 'ဝယ်', 'သင့်', 'အကြံပေး', 'အုန်း']"
ညီမတစ်ခုလောက်မေးစရာရှိလိုရှင် facial makeကပ်ပြီးရင်လေ မျက်နှာမသစ်ဘဲနဲ့ suncream လိမ်း makeupလိမ်းလိူရလာရှင် သိရင်ဖြေပေးကြပါလာရှင်,"['ညီ', 'မ', 'တစ်', 'ခု', 'လောက်', 'မေး', 'စရာ', 'ရှိ', 'လို', 'ရှင်', 'facial', 'make', 'ကပ်', 'ပြီး', 'ရင်', 'လေ', 'မျက်နှာ', 'မ', 'သစ်', 'ဘဲ', 'နဲ့', 'sun', 'cream', 'လိမ်း', 'makeup', 'လိမ်း', 'လ', 'ိူ', 'ရ', 'လာ', 'ရှင်', 'သိ', 'ရင်', 'ဖြေ', 'ပေး', 'ကြ', 'ပါ', 'လာ', 'ရှင်']","['ညီ', 'မ', 'လောက်', 'မေး', 'စရာ', 'ရှင်', 'facial', 'make', 'ကပ်', 'မျက်နှာ', 'မ', 'သစ်', 'ဘဲ', 'sun', 'cream', 'လိမ်း', 'makeup', 'လိမ်း', 'လ', 'ိူ', 'ရှင်', 'သိ', 'ဖြေ', 'ရှင်']"
kiss proofသိမှပြော,"['kissproof', 'သိ', 'မှ', 'ပြော']","['kissproof', 'သိ']"
ဒီအရောင်လေးဆိုနံပါတ်ဘယ်လောက်ဝယ်ရမလဲရှင့်,"['ဒီ', 'အရောင်', 'လေး', 'ဆို', 'နံပါတ်', 'ဘယ်လောက်', 'ဝယ်', 'ရ', 'မ', 'လဲ', 'ရှင့်']","['အရောင်', 'နံပါတ်', 'ဘယ်လောက်', 'ဝယ်', 'မ', 'ရှင့်']"
ဘယ်မှာဝယ်လို့လဲ,"['ဘယ်', 'မှာ', 'ဝယ်', 'လို့', 'လဲ']","['ဘယ်', 'ဝယ်', 'လို့']"
လက်ရှိသုံးနေတာ blur fudge tint လေး,"['လက်', 'ရှိ', 'သုံး', 'နေ', 'တာ', 'blurfudgetint', 'လေး']","['လက်', 'သုံး', 'blurfudgetint']"
ဒီလိုအရောင်နဲ့ဆင်တာရော အဲ့တံဆိပ်ထဲမှာရှိလားရှင့်,"['ဒီ', 'လို', 'အရောင်', 'နဲ့', 'ဆင်', 'တာ', 'ရော', 'အဲ့', 'တံဆိပ်', 'ထဲ', 'မှာ', 'ရှိ', 'လား', 'ရှင့်']","['အရောင်', 'ဆင်', 'ရော', 'အဲ့', 'တံဆိပ်', 'ရှင့်']"
အရောင်လေးတွေတကယ်လှတယ်,"['အရောင်', 'လေး', 'တွေ', 'တကယ်', 'လှ', 'တယ်']","['အရောင်', 'တကယ်', 'လှ']"
18/19/23အဆင်​ပြေလားရှင့် ညီမကအသားတော့ဖြူတယ်lipstickတွေအရင်ကတစ်ချောင်းမှမဝယ်ဆိုးခဲ့ဘူး အရောင်လေးတွေတအားလှတော့ စမ်းဝယ်ထားတယ် ၃ချောင်း ဟီးဟီး,"['18/19/23', 'အဆင်\u200bပြေ', 'လား', 'ရှင့်', 'ညီ', 'မ', 'က', 'အသား', 'တော့', 'ဖြူ', 'တယ်', 'lip', 'stick', 'တွေ', 'အရင်', 'က', 'တစ်', 'ချောင်း', 'မှ', 'မ', 'ဝယ်', 'ဆိုး', 'ခဲ့', 'ဘူး', 'အရောင်', 'လေး', 'တွေ', 'တအား', 'လှ', 'တော့', 'စမ်း', 'ဝယ်', 'ထား', 'တယ်', '၃', 'ချောင်း', 'ဟီးဟီး']","['18/19/23', 'အဆင်ပြေ', 'ညီ', 'မ', 'အသား', 'ဖြူ', 'lip', 'stick', 'အရင်', 'ချောင်း', 'မ', 'ဝယ်', 'ဆိုး', 'အရောင်', 'တအား', 'လှ', 'စမ်း', 'ဝယ်', '၃', 'ချောင်း', 'ဟီးဟီး']"
Swatches လေးတွေ ပြပေးပါလားရှင့်,"['Swatches', 'လေး', 'တွေ', 'ပြ', 'ပေး', 'ပါ', 'လား', 'ရှင့်']","['Swatches', 'ပြ']"
ရောင်စုံဝယ်ထားသောမိမိ,"['ရောင်စုံ', 'ဝယ်', 'ထား', 'သော', 'မိမိ']","['ရောင်စုံ', 'ဝယ်', 'မိမိ']"
ဘယ် pageကဝယ်တာလဲရှင့်,"['ဘယ်', 'page', 'က', 'ဝယ်', 'တာ', 'လဲ', 'ရှင့်']","['ဘယ်', 'page', 'ဝယ်', 'ရှင့်']"
ဖတ်ရင်းအများကြီးတောင်လိုချင်သွားတယ် ဘယ်လောက်ရှိလဲဟင်,"['ဖတ်', 'ရင်း', 'အများကြီး', 'တောင်', 'လို', 'ချင်', 'သွား', 'တယ်', 'ဘယ်လောက်', 'ရှိ', 'လဲ', 'ဟင်']","['ဖတ်', 'ရင်း', 'အများကြီး', 'တောင်', 'ဘယ်လောက်']"
Romand က တကယ်တချောင်းပီးတချောင်းထပ်ဝယ်ချင်နေသောနော်  loreal ကဈေးတက်လာလို့ဆိုပီး သူ့ဘက်လှည့်လိုက်တာ မှန်သွားတယ်,"['Rom', 'and', 'က', 'တကယ်', 'တ', 'ချောင်း', 'ပီး', 'တ', 'ချောင်း', 'ထပ်', 'ဝယ်', 'ချင်', 'နေ', 'သော', 'နော်', 'loreal', 'က', 'ဈေး', 'တက်', 'လာ', 'လို့', 'ဆို', 'ပီး', 'သူ့', 'ဘက်', 'လှည့်', 'လိုက်', 'တာ', 'မှန်', 'သွား', 'တယ်']","['Rom', 'and', 'တကယ်', 'တ', 'ချောင်း', 'ပီး', 'တ', 'ချောင်း', 'ထပ်', 'ဝယ်', 'loreal', 'ဈေး', 'တက်', 'လို့', 'ပီး', 'သူ့', 'ဘက်', 'လှည့်', 'မှန်']"
Kiss proof ဖြစ်မဖြစ်သိချင်သူများ  : လုံးဝမဖြစ်ပါနော်,"['Kissproof', 'ဖြစ်', 'မ', 'ဖြစ်', 'သိ', 'ချင်', 'သူ', 'များ', ':', 'လုံးဝ', 'မ', 'ဖြစ်', 'ပါ', 'နော်']","['Kissproof', 'မ', 'သိ', 'လုံးဝ', 'မ']"
Morning routine မှာသုံးလား ညီမတော့ morning routine မှာသူ့ထည့်သုံးပြီး suncream လိုက်တာ အဖုလေးတေထချင်သလိုလို ဖြစ်နေတာ suncream မလိုက်ရင် ဘာမှ မဖြစ်ဘူး,"['Morning', 'routine', 'မှာ', 'သုံး', 'လား', 'ညီ', 'မ', 'တော့', 'morning', 'routine', 'မှာ', 'သူ့', 'ထည့်', 'သုံး', 'ပြီး', 'sun', 'cream', 'လိုက်', 'တာ', 'အဖု', 'လေး', 'တေ', 'ထ', 'ချင်', 'သလို', 'လို', 'ဖြစ်', 'နေ', 'တာ', 'sun', 'cream', 'မ', 'လိုက်', 'ရင်', 'ဘာ', 'မှ', 'မ', 'ဖြစ်', 'ဘူး']","['Morning', 'routine', 'သုံး', 'ညီ', 'မ', 'morning', 'routine', 'သူ့', 'ထည့်', 'သုံး', 'sun', 'cream', 'အဖု', 'တေ', 'ထ', 'သလို', 'sun', 'cream', 'မ', 'မ']"
စစသုံးချင်အဖုတွေကန်ထွက်လား ညီမသုံးတာနှဖူးမှယအဖုလေးတွေထွက်လာလို့သိရင်ပြောပြကြပါအုံး,"['စ', 'စ', 'သုံး', 'ချင်', 'အဖု', 'တွေ', 'ကန်', 'ထွက်', 'လား', 'ညီ', 'မ', 'သုံး', 'တာ', 'နှဖူး', 'မှ', 'ယ', 'အဖု', 'လေး', 'တွေ', 'ထွက်', 'လာ', 'လို့', 'သိ', 'ရင်', 'ပြော', 'ပြ', 'ကြ', 'ပါ', 'အုံး']","['စ', 'စ', 'သုံး', 'အဖု', 'ကန်', 'ထွက်', 'ညီ', 'မ', 'သုံး', 'နှဖူး', 'ယ', 'အဖု', 'ထွက်', 'လို့', 'သိ', 'ပြ', 'အုံး']"
တကယ်ကောင်းတာ,"['တကယ်', 'ကောင်း', 'တာ']","['တကယ်', 'ကောင်း']"
Up,['Up'],['Up']
ရှယ်ကောင်းတာ,"['ရှယ်', 'ကောင်း', 'တာ']","['ရှယ်', 'ကောင်း']"
cleanser နဲ့ toner ဘာသုံးလဲ,"['cleanser', 'နဲ့', 'toner', 'ဘာ', 'သုံး', 'လဲ']","['cleanser', 'toner', 'သုံး']"
ဈေးကများသွားပြီ,"['ဈေး', 'က', 'များ', 'သွား', 'ပြီ']",['ဈေး']
အရမ်းကြိုက်သောပဲ,"['အရမ်း', 'ကြိုက်', 'သော', 'ပဲ']",['ကြိုက်']
Dr.G moisturizer နဲ့ တွဲ သုံးလို့ရလား,"['Dr.', 'G', 'moisturizer', 'နဲ့', 'တွဲ', 'သုံး', 'လို့', 'ရ', 'လား']","['Dr', 'G', 'moisturizer', 'တွဲ', 'သုံး', 'လို့']"
အဆီဖု သက်သာလားbro,"['အဆီဖု', 'သက်သာ', 'လား', 'bro']","['အဆီဖု', 'သက်သာ', 'bro']"
တကယ်ကောင်းတယ်စျေးတွေတက်သွားလို့မသုံးနိုင်တော့တာလေးတခုပဲ,"['တကယ်', 'ကောင်း', 'တယ်', 'စျေး', 'တွေ', 'တက်', 'သွား', 'လို့', 'မ', 'သုံး', 'နိုင်', 'တော့', 'တာ', 'လေး', 'တခု', 'ပဲ']","['တကယ်', 'ကောင်း', 'စျေး', 'တက်', 'လို့', 'မ', 'သုံး', 'တခု']"
အသွားလာများ breakout ဖြစ်ပြီးအမဲစက်တွေကျန်နေလို့သုံးရင်ကောင်းလား oily skin,"['အ', 'သွား', 'လာ', 'များ', 'breakout', 'ဖြစ်', 'ပြီး', 'အမဲစက်', 'တွေ', 'ကျန်', 'နေ', 'လို့', 'သုံး', 'ရင်', 'ကောင်း', 'လား', 'oily', 'skin']","['အ', 'breakout', 'အမဲစက်', 'ကျန်', 'လို့', 'သုံး', 'ကောင်း', 'oily', 'skin']"
Snailကအဆီပြန်တယ်ပြောကြလို့ဟုတ်လား,"['Snail', 'က', 'အဆီ', 'ပြန်', 'တယ်', 'ပြော', 'ကြ', 'လို့', 'ဟုတ်', 'လား']","['Snail', 'အဆီ', 'လို့']"
Some by mi snail truecica ကိုဝယ်မိသွားတယ်,"['Som', 'ebymisnailtruecica', 'ကို', 'ဝယ်', 'မိ', 'သွား', 'တယ်']","['Som', 'ebymisnailtruecica', 'ဝယ်']"
အဲ့တာကဘယ်အဆင့်မှာသုံးရမှာလည်းဟင်ဝယ်သုံးချင်လို့မသိလို့ပါ,"['အဲ့', 'တာ', 'က', 'ဘယ်', 'အဆင့်', 'မှာ', 'သုံး', 'ရ', 'မှာ', 'လည်း', 'ဟင်', 'ဝယ်', 'သုံး', 'ချင်', 'လို့', 'မ', 'သိ', 'လို့', 'ပါ']","['အဲ့', 'ဘယ်', 'အဆင့်', 'သုံး', 'ဝယ်', 'သုံး', 'လို့', 'မ', 'သိ', 'လို့']"
Snailနဲ့တည့်မတည့်ဘယ်လိုစမ်းရင်သိနိုင်မလဲရှင့်,"['Snail', 'နဲ့', 'တည့်', 'မ', 'တည့်', 'ဘယ်လို', 'စမ်း', 'ရင်', 'သိ', 'နိုင်', 'မ', 'လဲ', 'ရှင့်']","['Snail', 'တည့်', 'မ', 'တည့်', 'ဘယ်လို', 'စမ်း', 'သိ', 'မ']"
ဝက်ခြံ အဆီဖုသမားတွေရောသုံးလို့ရလား,"['ဝက်ခြံ', 'အဆီဖု', 'သမား', 'တွေ', 'ရော', 'သုံး', 'လို့', 'ရ', 'လား']","['ဝက်ခြံ', 'အဆီဖု', 'သမား', 'ရော', 'သုံး', 'လို့']"
တကယ်ကောင်းတာ တကယ်လဲအရင်ကတွေ့ပြီးမဝယ်ခဲ့အချိန်တွေနှမျောတာ ဆိုတာလေ,"['တကယ်', 'ကောင်း', 'တာ', 'တကယ်', 'လဲ', 'အရင်', 'က', 'တွေ့', 'ပြီး', 'မ', 'ဝယ်', 'ခဲ့', 'အချိန်', 'တွေ', 'နှမျော', 'တာ', 'ဆို', 'တာ', 'လေ']","['တကယ်', 'ကောင်း', 'တကယ်', 'အရင်', 'တွေ့', 'မ', 'ဝယ်', 'အချိန်', 'နှမျော']"
ဘယ်ကဝယ်တာလဲဟင်,"['ဘယ်', 'က', 'ဝယ်', 'တာ', 'လဲ', 'ဟင်']","['ဘယ်', 'ဝယ်']"
ခရုကလေ စားမိတာ allergic တော်တော်ပြင်းပြင်းဖြစ်ဖူးတယ် အဲ့လိုမျိုးဆိုရင်ရောမတည့်ဖူးလားဟင်,"['ခရု', 'က', 'လေ', 'စား', 'မိ', 'တာ', 'allergic', 'တော်တော်', 'ပြင်းပြင်း', 'ဖြစ်', 'ဖူး', 'တယ်', 'အဲ့လို', 'မျိုး', 'ဆို', 'ရင်', 'ရော', 'မ', 'တည့်', 'ဖူး', 'လား', 'ဟင်']","['ခရု', 'စား', 'allergic', 'တော်တော်', 'ပြင်းပြင်း', 'ဖူး', 'အဲ့လို', 'မျိုး', 'ရော', 'မ', 'တည့်', 'ဖူး']"
Good reviews များတယ်နော်,"['Good', 'review', 's', 'များ', 'တယ်', 'နော်']","['Good', 'review', 's']"
အဲ့ဒါလေးက၁၈နှစ်သုံးလိူ့ရလားရှင့်,"['အဲ့ဒါ', 'လေး', 'က', '၁၈', 'နှစ်', 'သုံး', 'လိူ့', 'ရ', 'လား', 'ရှင့်']","['အဲ့ဒါ', '၁၈', 'သုံး', 'လိူ့']"
Breakout တေဖစ် အသားရည်တေ ညစ်ကျန်ခဲ့တာ ဒါလေးက သုံးလို့အဆင်ပြေလေားရှင့်,"['Breakoutတေဖစ်', 'အသားရည်', 'တေ', 'ညစ်', 'ကျန်', 'ခဲ့', 'တာ', 'ဒါ', 'လေး', 'က', 'သုံး', 'လို့', 'အဆင်ပြေ', 'လေ', 'ား', 'ရှင့်']","['Breakout', 'တေဖစ်', 'အသားရည်', 'တေ', 'ညစ်', 'ကျန်', 'ဒါ', 'သုံး', 'လို့', 'အဆင်ပြေ', 'ား']"
ကောင်လေးအတွက်ပါ Normal skin ပါမျက်နှာအသားအရေလေးလင်းစေချင်တာပါ...skin problem ဘာမှ မရှိပါဘူး...ညွှန်းပေးကြပါဦးနော်,"['ကောင်', 'လေး', 'အတွက်', 'ပါ', 'Normal', 'skin', 'ပါ', 'မျက်နှာ', 'အသားအရေ', 'လေး', 'လင်း', 'စေ', 'ချင်', 'တာ', 'ပါ', '...', 'skin', 'problem', 'ဘာ', 'မှ', 'မ', 'ရှိ', 'ပါ', 'ဘူး', '...', 'ညွှန်း', 'ပေး', 'ကြ', 'ပါ', 'ဦး', 'နော်']","['ကောင်', 'Normal', 'skin', 'မျက်နှာ', 'အသားအရေ', 'လင်း', 'skin', 'problem', 'မ', 'ညွှန်း', 'ဦး']"
တကယ်တကယ်ကိုကောင်းတာ ရှယ်ပဲ ၊ ကိုယ့်မျက်နှာကိုယ်ကြည့်ပြီး ချစ်ရတဲ့အလုပ်တစ်ခုတိုးလာတယ်,"['တကယ်', 'တကယ်', 'ကို', 'ကောင်း', 'တာ', 'ရှယ်', 'ပဲ', '၊', 'ကိုယ့်', 'မျက်နှာ', 'ကိုယ်', 'ကြည့်', 'ပြီး', 'ချစ်', 'ရ', 'တဲ့', 'အလုပ်', 'တစ်', 'ခု', 'တိုး', 'လာ', 'တယ်']","['တကယ်', 'တကယ်', 'ကောင်း', 'ရှယ်', '၊', 'ကိုယ့်', 'မျက်နှာ', 'ကိုယ်', 'ကြည့်', 'ချစ်', 'အလုပ်', 'တိုး']"
ခုသုံးနေတာပါ..သူ့ကို Carenel serumနဲ့တွဲလူးတာ..လူးနေရင်းအဖက်လိုအလိပ်လေးတွေထွက်ထွက်လာတာ...အက်တာပုံမှန်ပဲလားရှင့်,"['ခု', 'သုံး', 'နေ', 'တာ', 'ပါ', '..', 'သူ့', 'ကို', 'Carenel', 'serum', 'နဲ့', 'တွဲ', 'လူး', 'တာ', '..', 'လူး', 'နေ', 'ရင်း', 'အဖက်', 'လို', 'အလိပ်', 'လေး', 'တွေ', 'ထွက်', 'ထွက်', 'လာ', 'တာ', '...', 'အက်', 'တာ', 'ပုံမှန်', 'ပဲ', 'လား', 'ရှင့်']","['သုံး', 'သူ့', 'Carenel', 'serum', 'တွဲ', 'လူး', 'လူး', 'ရင်း', 'အဖက်', 'အလိပ်', 'ထွက်', 'ထွက်', 'အက်', 'ပုံမှန်', 'ရှင့်']"
ဝယ္ခ်င္ေပးမ‌ဲ့ ေဈးအရမ္းႀကိး,"['ဝယ္ခ်င္ေပးမ\u200cဲ့ေဈးအ', 'ရ', 'မ', '္းႀကိး']","['ဝယ္ခ်င္ေပးမဲ့ေဈးအ', 'မ', '္းႀကိး']"
AHA BHA ပါတဲ့တိုနာနဲ့တွဲသုံးလို့ရလား,"['AHABHA', 'ပါ', 'တဲ့', 'တိုနာ', 'နဲ့', 'တွဲ', 'သုံး', 'လို့', 'ရ', 'လား']","['AHABHA', 'တိုနာ', 'တွဲ', 'သုံး', 'လို့']"
သူရဲ့ allinone cream လေးနဲ့ တွဲသုံးကြည့်ပါ,"['သူ', 'ရဲ့', 'all', 'in', 'one', 'cream', 'လေး', 'နဲ့', 'တွဲ', 'သုံး', 'ကြည့်', 'ပါ']","['all', 'in', 'one', 'cream', 'တွဲ', 'သုံး', 'ကြည့်']"
၀ယ်ပီးလိမ်းတာမတည့်လို့အဆီဖုတွေတန်းစီးးထတယ်ရှင်းး,"['၀ယ်ပီး', 'လိမ်း', 'တာ', 'မ', 'တည့်', 'လို့', 'အဆီဖု', 'တွေ', 'တန်း', 'စီး', 'းထ', 'တယ်', 'ရှင်း', 'း']","['၀ယ်ပီး', 'လိမ်း', 'မ', 'တည့်', 'လို့', 'အဆီဖု', 'တန်း', 'စီး', 'းထ', 'ရှင်း', 'း']"
အသားအရည်လေးက ကြွေလေးလိုပဲ ကွဲသွားရင် ရှမယ့်ပုံလေး,"['အသားအရည်', 'လေး', 'က', 'ကြွေ', 'လေး', 'လို', 'ပဲ', 'ကွဲ', 'သွား', 'ရင်', 'ရှ', 'မယ့်', 'ပုံ', 'လေး']","['အသားအရည်', 'ကြွေ', 'ကွဲ', 'ရှ', 'မယ့်', 'ပုံ']"
အဆီပြန် သမားလိမ်းရင် အဆင်ပြေနိုင်လား,"['အဆီ', 'ပြန်', 'သမား', 'လိမ်း', 'ရင်', 'အဆင်ပြေ', 'နိုင်', 'လား']","['အဆီ', 'သမား', 'လိမ်း', 'အဆင်ပြေ']"
နှရက်ပဲရှိသေးတကယ်ကောင်း တsetလုံးသုံးဖို့တောင်တွေးထားတယ်အရမ်းကြိုကသော dry သမားတွေပိုကောင်းမယ်ထင်တယ်,"['နှ', 'ရက်', 'ပဲ', 'ရှိ', 'သေး', 'တကယ်', 'ကောင်း', 'တ', 'set', 'လုံး', 'သုံး', 'ဖို့', 'တောင်', 'တွေး', 'ထား', 'တယ်', 'အရမ်း', 'ကြို', 'က', 'သော', 'dry', 'သမား', 'တွေ', 'ပို', 'ကောင်း', 'မယ်', 'ထင်', 'တယ်']","['နှ', 'ရက်', 'တကယ်', 'ကောင်း', 'တ', 'set', 'လုံး', 'သုံး', 'တောင်', 'တွေး', 'ကြို', 'dry', 'သမား', 'ပို', 'ကောင်း', 'ထင်']"
ဒီserum လေးသုံးနေတာ တွဲသုံးလို့အဆင်နိုင်လားရှငိ့,"['ဒီ', 'serum', 'လေး', 'သုံး', 'နေ', 'တာ', 'တွဲ', 'သုံး', 'လို့', 'အဆင်', 'နိုင်', 'လား', 'ရ', 'ှငိ့']","['serum', 'သုံး', 'တွဲ', 'သုံး', 'လို့', 'အဆင်', 'ှငိ့']"
တအားအဆီပြန်တဲ့သူတွေရော..သုံးသင့်ပါ့မလား..,"['တအား', 'အဆီ', 'ပြန်', 'တဲ့', 'သူ', 'တွေ', 'ရော', '..', 'သုံး', 'သင့်', 'ပါ့', 'မ', 'လား', '..']","['တအား', 'အဆီ', 'ရော', 'သုံး', 'သင့်', 'ပါ့', 'မ']"
Life က Primer လေးကောင်းတယ် customer သုံးပေးတာ တော်တော်အဆင်ပြေတယ် ကိုယ်တိုင်လဲသုံးတယ် 25000ဝန်းကျင်ဘဲ,"['Life', 'က', 'Primer', 'လေး', 'ကောင်း', 'တယ်', 'customer', 'သုံး', 'ပေး', 'တာ', 'တော်တော်', 'အဆင်ပြေ', 'တယ်', 'ကိုယ်တိုင်', 'လဲ', 'သုံး', 'တယ်', '2', '5000', 'ဝန်းကျင်', 'ဘဲ']","['Life', 'Primer', 'ကောင်း', 'customer', 'သုံး', 'တော်တော်', 'အဆင်ပြေ', 'ကိုယ်တိုင်', 'သုံး', '2', '5000', 'ဝန်းကျင်', 'ဘဲ']"
Catrice Primerမှာရှိတယ် skintypeအလိုက် ချွေးပေါက်ကျယ်တယ်အဆီပြန်တယ်ဆိုပန်းရောင်လေးတော်တော်ကောင်းပါတယ် မိတ်ကပ်လည်းမကွက်ဘူး မိတ်ကပ်တော်တော်လေးခံတယ်,"['Catrice', 'Primer', 'မှာ', 'ရှိ', 'တယ်', 'skintypeအ', 'လိုက်', 'ချွေးပေါက်', 'ကျယ်', 'တယ်', 'အဆီ', 'ပြန်', 'တယ်', 'ဆို', 'ပန်းရောင်', 'လေး', 'တော်တော်', 'ကောင်း', 'ပါ', 'တယ်', 'မိတ်ကပ်', 'လည်း', 'မ', 'ကွက်', 'ဘူး', 'မိတ်ကပ်', 'တော်တော်', 'လေး', 'ခံ', 'တယ်']","['Catrice', 'Primer', 'skintype', 'အ', 'ချွေးပေါက်', 'ကျယ်', 'အဆီ', 'ပန်းရောင်', 'တော်တော်', 'ကောင်း', 'မိတ်ကပ်', 'မ', 'ကွက်', 'မိတ်ကပ်', 'တော်တော်', 'ခံ']"
YSL primer သုံးနော် အရမ်းမိုက်တယ် ရွှေမှုန်လေးတွေပါတော့ အသားပါတစ်ဆင့်လင်းတယ် ချွေးပေါက်တအားကျယ်တဲ့သူသုံးတာတောင် လိမ်းပြီးတာနဲ့ ဖုံဖုံလေးဖြစ်သွားပြီး foundation လိမ်းလိုက်တာနဲ့ အရမ်းသိသာတယ် ကွက်လည်းမကွက်တော့သလို coverage အားကောင်းတဲ့ foundation သုံးရင် ချွေးပေါက်တွေပါ ဖုံးနိုင်ပါတယ်,"['YSL', 'primer', 'သုံး', 'နော်', 'အရမ်း', 'မိုက်', 'တယ်', 'ရွှေမှုန်', 'လေး', 'တွေ', 'ပါ', 'တော့', 'အသား', 'ပါ', 'တစ်ဆင့်', 'လင်း', 'တယ်', 'ချွေးပေါက်', 'တအား', 'ကျယ်', 'တဲ့', 'သူ', 'သုံး', 'တာ', 'တောင်', 'လိမ်း', 'ပြီး', 'တာ', 'နဲ့', 'ဖုံ', 'ဖုံ', 'လေး', 'ဖြစ်', 'သွား', 'ပြီး', 'foundation', 'လိမ်း', 'လိုက်', 'တာ', 'နဲ့', 'အရမ်း', 'သိ', 'သာ', 'တယ်', 'ကွက်', 'လည်း', 'မ', 'ကွက်', 'တော့', 'သလို', 'coverage', 'အား', 'ကောင်း', 'တဲ့', 'foundation', 'သုံး', 'ရင်', 'ချွေးပေါက်', 'တွေ', 'ပါ', 'ဖုံး', 'နိုင်', 'ပါ', 'တယ်']","['YSL', 'primer', 'သုံး', 'မိုက်', 'ရွှေမှုန်', 'အသား', 'တစ်ဆင့်', 'လင်း', 'ချွေးပေါက်', 'တအား', 'ကျယ်', 'သုံး', 'တောင်', 'လိမ်း', 'ဖုံ', 'ဖုံ', 'foundation', 'လိမ်း', 'သိ', 'သာ', 'ကွက်', 'မ', 'ကွက်', 'သလို', 'coverage', 'အား', 'ကောင်း', 'foundation', 'သုံး', 'ချွေးပေါက်', 'ဖုံး']"
Life ကprimer ကောင်းတယ်,"['Life', 'က', 'primer', 'ကောင်း', 'တယ်']","['Life', 'primer', 'ကောင်း']"
KMA Primer ကောင်းတယ်,"['KMA', 'Primer', 'ကောင်း', 'တယ်']","['KMA', 'Primer', 'ကောင်း']"
ဒါလေးတော်တော် အဆင်ပြေတယ်,"['ဒါ', 'လေး', 'တော်တော်', 'အဆင်ပြေ', 'တယ်']","['ဒါ', 'တော်တော်', 'အဆင်ပြေ']"
Primerပါတဲ့ ဒီsuncreamလေးနဲ့ matte type foundation လေးလိမ်းရင် အဆင်ပြေလောက်တယ်,"['Primer', 'ပါ', 'တဲ့', 'ဒီ', 'sun', 'cream', 'လေး', 'နဲ့', 'mattetype', 'foundation', 'လေး', 'လိမ်း', 'ရင်', 'အဆင်ပြေ', 'လောက်', 'တယ်']","['Primer', 'sun', 'cream', 'mattetype', 'foundation', 'လိမ်း', 'အဆင်ပြေ', 'လောက်']"
Smashbox,['Smashbox'],['Smashbox']
Dabo,['Dabo'],['Dabo']
ဒါလေးကောင်း,"['ဒါ', 'လေး', 'ကောင်း']","['ဒါ', 'ကောင်း']"
Catrice,['Catrice'],['Catrice']
Maybelline babyskin အစိမ်းလေး,"['Maybelline', 'baby', 'skin', 'အစိမ်း', 'လေး']","['Maybelline', 'baby', 'skin', 'အစိမ်း']"
သည် primer လေးကောင်းလားဟင်,"['သည်', 'primer', 'လေး', 'ကောင်း', 'လား', 'ဟင်']","['primer', 'ကောင်း']"
Primer ဆို Catriceကို အကြိုက်ဆုံးပဲ,"['Primer', 'ဆို', 'Catrice', 'ကို', 'အကြိုက်ဆုံး', 'ပဲ']","['Primer', 'Catrice', 'အကြိုက်ဆုံး']"
Touch in Soulကprimerသုံးကြည့်ပါ,"['TouchinSoul', 'က', 'primer', 'သုံး', 'ကြည့်', 'ပါ']","['TouchinSoul', 'primer', 'သုံး', 'ကြည့်']"
Touch in solက primer လေးတကယ်ကောင်းတယ် ဘူးသေးသေးလေးစမ်းသုံးကြည့်ထားတာလေး အဆင်ပြေတယ်,"['Touchinsol', 'က', 'primer', 'လေး', 'တကယ်', 'ကောင်း', 'တယ်', 'ဘူး', 'သေး', 'သေး', 'လေး', 'စမ်း', 'သုံး', 'ကြည့်', 'ထား', 'တာ', 'လေး', 'အဆင်ပြေ', 'တယ်']","['Touchinsol', 'primer', 'တကယ်', 'ကောင်း', 'စမ်း', 'သုံး', 'ကြည့်', 'အဆင်ပြေ']"
Kaminomatoကလေ တကယ်ပြန်ပေါက်တယ် အိမ်ကဦးလေး ဆံပင်ထိပ်ကွက်တာ အဲ့တာသုံးတာသိသိသာသာဆံပင်တွေပြန်ထွက်လာတာ ဆံပင်ကျွတ်လဲသက်သာတယ်၊,"['Kaminomato', 'က', 'လေ', 'တကယ်', 'ပြန်', 'ပေါက်', 'တယ်', 'အိမ်', 'က', 'ဦး', 'လေး', 'ဆံပင်', 'ထိပ်', 'ကွက်', 'တာ', 'အဲ့', 'တာ', 'သုံး', 'တာ', 'သိ', 'သိ', 'သာ', 'သာ', 'ဆံပင်', 'တွေ', 'ပြန်', 'ထွက်', 'လာ', 'တာ', 'ဆံပင်', 'ကျွတ်', 'လဲ', 'သက်သာ', 'တယ်', '၊']","['Kaminomato', 'တကယ်', 'ပေါက်', 'အိမ်', 'ဆံပင်', 'ထိပ်', 'ကွက်', 'အဲ့', 'သုံး', 'သိ', 'သိ', 'သာ', 'သာ', 'ဆံပင်', 'ထွက်', 'ဆံပင်', 'ကျွတ်', 'သက်သာ', '၊']"
ဆံပင်ကုန်သွားရင် ကတုံးနဲ့နေလိုက်,"['ဆံပင်', 'ကုန်', 'သွား', 'ရင်', 'က', 'တုံး', 'နဲ့', 'နေ', 'လိုက်']","['ဆံပင်', 'ကုန်', 'တုံး']"
Sugar bearကအသက်16ဆိုသောက်လို့ရလားဟင် ဆံပင်တွေတအားကျွတ်နေလို့,"['Sugarbear', 'က', 'အသက်', '16', 'ဆို', 'သောက်', 'လို့', 'ရ', 'လား', 'ဟင်', 'ဆံပင်', 'တွေ', 'တအား', 'ကျွတ်', 'နေ', 'လို့']","['Sugarbear', 'အသက်', '16', 'သောက်', 'လို့', 'ဆံပင်', 'တအား', 'ကျွတ်', 'လို့']"
"Sugarbear သောက်လဲ အချိန်ကုန် ပိုက်ဆံကုန်တာပဲ အဖတ်တင်တယ် အထဲမှာ ပါဝင်တဲ့ ပစ္စည်းတွေက hair, nail & skin အတွက် သောက်တဲ့ supplement တွေနဲ့အတူတူပဲ သောက်မယ့်သောက် တစ်ခြား supplement brand တွေပဲ သောက်သင့်ပါတယ် ဉပမာ life extension တို့ swissie တို့ ဆိုတာ ဆေးတံဆိပ်ဖြစ်လို့ အာနိသင်ပိုကောင်းပါတယ်","['Sugarbear', 'သောက်', 'လဲ', 'အချိန်', 'ကုန်', 'ပိုက်ဆံ', 'ကုန်', 'တာ', 'ပဲ', 'အဖတ်တင်', 'တယ်', 'အထဲ', 'မှာ', 'ပါ', 'ဝင်', 'တဲ့', 'ပစ္စည်း', 'တွေ', 'က', 'hair,nail&skin', 'အတွက်', 'သောက်', 'တဲ့', 'supplement', 'တွေ', 'နဲ့', 'အတူတူ', 'ပဲ', 'သောက်', 'မယ့်', 'သောက်', 'တစ်', 'ခြား', 'supplement', 'brand', 'တွေ', 'ပဲ', 'သောက်', 'သင့်', 'ပါ', 'တယ်', 'ဉပမာlifeex', 'tension', 'တို့', 'swissie', 'တို့', 'ဆို', 'တာ', 'ဆေး', 'တံဆိပ်', 'ဖြစ်', 'လို့', 'အာနိသင်', 'ပို', 'ကောင်း', 'ပါ', 'တယ်']","['Sugarbear', 'သောက်', 'အချိန်', 'ကုန်', 'ပိုက်ဆံ', 'ကုန်', 'အဖတ်တင်', 'အထဲ', 'ဝင်', 'ပစ္စည်း', 'hair', 'nail&skin', 'သောက်', 'supplement', 'အတူတူ', 'သောက်', 'မယ့်', 'သောက်', 'ခြား', 'supplement', 'brand', 'သောက်', 'သင့်', 'ဉပမာlifeex', 'tension', 'တို့', 'swissie', 'တို့', 'ဆေး', 'တံဆိပ်', 'လို့', 'အာနိသင်', 'ပို', 'ကောင်း']"
kiminomotoသုံးနေတာကောင်းတယ်,"['kiminomoto', 'သုံး', 'နေ', 'တာ', 'ကောင်း', 'တယ်']","['kiminomoto', 'သုံး', 'ကောင်း']"
hair tonic ညီမတော့ yanagiya သုံးတယ် kaminomoto လဲ ကောင်းတယ်‌ေြပာကြတယ်,"['hairtonic', 'ညီ', 'မ', 'တော့', 'yanagiya', 'သုံး', 'တယ်', 'kaminomoto', 'လဲ', 'ကောင်း', 'တယ်', '\u200cေြပာ', 'ကြ', 'တယ်']","['hairtonic', 'ညီ', 'မ', 'yanagiya', 'သုံး', 'kaminomoto', 'ကောင်း', 'ေြပာ']"
Sugar bear လေးနှစ်ဗူးသောက်ဖူးတယ် သိသာတယ် ဆံပင်အရှည်လည်းမြန်တယ် ဆံပင်လည်းပါးတာကနေထူလာတယ်  အတုတွေပေါလို့ စိတ်ချရတဲ့osကဝယ်ပါ လိုချင်တဲ့ဆံသားရလို့ခု‌ေတာ့မသောက်ဖြစ်တော့ဖူး,"['Sugarbear', 'လေး', 'နှစ်', 'ဗူး', 'သောက်', 'ဖူး', 'တယ်', 'သိ', 'သာ', 'တယ်', 'ဆံပင်', 'အရှည်', 'လည်း', 'မြန်', 'တယ်', 'ဆံပင်', 'လည်း', 'ပါး', 'တာ', 'က', 'နေ', 'ထူ', 'လာ', 'တယ်', 'အတု', 'တွေ', 'ပေါ', 'လို့', 'စိတ်ချ', 'ရ', 'တဲ့', 'os', 'က', 'ဝယ်', 'ပါ', 'လို', 'ချင်', 'တဲ့', 'ဆံသား', 'ရ', 'လို့', 'ခု', '\u200cေတာ့', 'မ', 'သောက်', 'ဖြစ်', 'တော့', 'ဖူး']","['Sugarbear', 'ဗူး', 'သောက်', 'ဖူး', 'သိ', 'သာ', 'ဆံပင်', 'အရှည်', 'မြန်', 'ဆံပင်', 'ပါး', 'ထူ', 'အတု', 'ပေါ', 'လို့', 'စိတ်ချ', 'os', 'ဝယ်', 'ဆံသား', 'လို့', 'ေတာ့', 'မ', 'သောက်', 'ဖူး']"
အတုရှိတယ် သတိထားဝယ်နော်,"['အတု', 'ရှိ', 'တယ်', 'သတိထား', 'ဝယ်', 'နော်']","['အတု', 'သတိထား', 'ဝယ်']"
ညီမကေတာ့ vistra ကထုတ္တဲ့ regow ေသာက္ၿပီး kaminomoto လိမ္းပါတယ္..ခု baby hair ေလးေတြ အမ်ားႀကီးထြက္လာတယ္..sugar bear က ေလးဘူးေလာက္ထိေသာက္ဖူးတယ္ regow ကို ပိုႀကိဳက္တယ္ ေစ်းလည္း sugar bear ေလာက္မႀကီးဘူးရွင့္,"['ညီ', 'မ', 'က', 'ေတာ့vistraကထုတ္', 'တဲ့', 'regowေ', 'သာ', 'က', '္ၿပီးkaminomotoလိမ္း', 'ပါ', 'တယ္..ခုbabyhairေ', 'လ', 'းေတြအမ်ားႀကီးထြက္', 'လာ', 'တယ္..sugarbearကေလး', 'ဘူး', 'ေ', 'လာ', 'က', '္ထိေသာက္ဖူးတယ္regow', 'ကို', 'ပို', 'ႀကိဳက္တယ္ေစ်းလည္းsug', 'arbearေလာက္မႀကီး', 'ဘူး', 'ရ', 'ွင့္']","['ညီ', 'မ', 'ေတာ့vistra', 'ကထုတ္', 'regowေ', 'သာ', '္ၿပီးkaminomoto', 'လိမ္း', 'တယ္ခုbabyhairေ', 'လ', 'းေတြအမ်ားႀကီးထြက္', 'တယ္sugarbear', 'ကေလး', '္ထိေသာက္ဖူးတယ္regow', 'ပို', 'ႀကိဳက္တယ္ေစ်းလည္းsug', 'arbearေလာက္မႀကီး', 'ွင့္']"
Sugar bearက ဆံပင်ရှည်တာသိသာပါတယ် Hair Serumလေးပဲသုံးပါ,"['Sugarbear', 'က', 'ဆံပင်', 'ရှည်', 'တာ', 'သိ', 'သာ', 'ပါ', 'တယ်', 'Hair', 'Serum', 'လေး', 'ပဲ', 'သုံး', 'ပါ']","['Sugarbear', 'ဆံပင်', 'ရှည်', 'သိ', 'သာ', 'Hair', 'Serum', 'သုံး']"
ကိုယ်ကတော့ငယ်ငယ်ကထူတယ် ကျွတ်တော့ပါးကုန်လို့  ဘယ်ဟာသုံးရမလဲဟင်,"['ကိုယ်', 'က', 'တော့', 'ငယ်ငယ်', 'က', 'ထူ', 'တယ်', 'ကျွတ်', 'တော့', 'ပါး', 'ကုန်', 'လို့', 'ဘယ်', 'ဟာ', 'သုံး', 'ရ', 'မ', 'လဲ', 'ဟင်']","['ကိုယ်', 'ငယ်ငယ်', 'ထူ', 'ကျွတ်', 'ပါး', 'ကုန်', 'လို့', 'ဘယ်', 'သုံး', 'မ']"
Sugar bearက အသက္ ဘယ္ေလာက္က စေသာက္ရလဲ ႐ွင္,"['Sugarbearကအသက္ဘယ္ေ', 'လာ', 'က', '္', 'က', 'စေ', 'သာ', 'က', '္ရလဲ႐ွင္']","['Sugarbear', 'ကအသက္ဘယ္ေ', '္', 'သာ', '္ရလဲ႐ွင္']"
Sugar bear ပိုကောင်းမယ်ထင်တယ်,"['Sugarbear', 'ပို', 'ကောင်း', 'မယ်', 'ထင်', 'တယ်']","['Sugarbear', 'ပို', 'ကောင်း', 'ထင်']"
Kaminomoto ကလေညီမအခုသုံးနေတာတော့Side effectတော့မရှိဘူးထင်တာပဲ သူကအရှည်တော့မမြန်ဘူးBaby hairလေးတွေတော့ပြန်ပေါက်တယ်ရယ်အဆီပြန်ရင်လေThe mix by suကScalp scrubလေးသုံးကြည့်ပါလား,"['Kaminomoto', 'က', 'လေ', 'ညီ', 'မ', 'အခု', 'သုံး', 'နေ', 'တာ', 'တော့', 'Side', 'effect', 'တော့', 'မ', 'ရှိ', 'ဘူး', 'ထင်', 'တာ', 'ပဲ', 'သူ', 'က', 'အရှည်', 'တော့', 'မ', 'မြန်', 'ဘူး', 'Babyhair', 'လေး', 'တွေ', 'တော့', 'ပြန်', 'ပေါက်', 'တယ်', 'ရယ်', 'အဆီ', 'ပြန်', 'ရင်', 'လေ', 'The', 'mixbysuကScalp', 'scrub', 'လေး', 'သုံး', 'ကြည့်', 'ပါ', 'လား']","['Kaminomoto', 'ညီ', 'မ', 'အခု', 'သုံး', 'Side', 'effect', 'မ', 'ထင်', 'အရှည်', 'မ', 'မြန်', 'Babyhair', 'ပေါက်', 'ရယ်', 'အဆီ', 'The', 'mixbysu', 'Scalp', 'scrub', 'သုံး', 'ကြည့်']"
ကိုယ်လဲ သိချင်နေတာ..,"['ကိုယ်', 'လဲ', 'သိ', 'ချင်', 'နေ', 'တာ', '..']","['ကိုယ်', 'သိ']"
Catrice ရဲ့ Primer လေးတော့ Recommend ပေးချင်တယ်ဗျ,"['Catrice', 'ရဲ့', 'Primer', 'လေး', 'တော့', 'Recommend', 'ပေး', 'ချင်', 'တယ်', 'ဗျ']","['Catrice', 'Primer', 'Recommend', 'ဗျ']"
Bioderma Pore refiner လေးသုံးကြည့်နော်,"['BiodermaPorerefiner', 'လေး', 'သုံး', 'ကြည့်', 'နော်']","['BiodermaPorerefiner', 'သုံး', 'ကြည့်']"
Postနဲ့သိပ်မဆိုင်ပေမယ့်လေ sunscreen လိမ်းပြီးမှ primer လိမ်းရတာလား primer လိမ်းပြီးမှsunscreen လိမ်းရမှာလားဟင်,"['Post', 'နဲ့', 'သိပ်', 'မ', 'ဆိုင်', 'ပေ', 'မယ့်', 'လေ', 'sun', 'screen', 'လိမ်း', 'ပြီး', 'မှ', 'primer', 'လိမ်း', 'ရ', 'တာ', 'လား', 'primer', 'လိမ်း', 'ပြီး', 'မှ', 'sun', 'screen', 'လိမ်း', 'ရ', 'မှာ', 'လား', 'ဟင်']","['Post', 'သိပ်', 'မ', 'ဆိုင်', 'ပေ', 'မယ့်', 'sun', 'screen', 'လိမ်း', 'primer', 'လိမ်း', 'primer', 'လိမ်း', 'sun', 'screen', 'လိမ်း']"
wet n wildက primerက တော်တော်သုံးကောင်းတယ် မိတ်ကပ်သားလည်းမပျက်ဘူး primerခံလိမ်းတာ အသားလည်းညှက်နေရော,"['wetnwild', 'က', 'primer', 'က', 'တော်တော်', 'သုံး', 'ကောင်း', 'တယ်', 'မိတ်ကပ်', 'သား', 'လည်း', 'မ', 'ပျက်', 'ဘူး', 'primer', 'ခံ', 'လိမ်း', 'တာ', 'အသား', 'လည်း', 'ညှက်', 'နေ', 'ရော']","['wetnwild', 'primer', 'တော်တော်', 'သုံး', 'ကောင်း', 'မိတ်ကပ်', 'သား', 'မ', 'ပျက်', 'primer', 'ခံ', 'လိမ်း', 'အသား', 'ညှက်', 'ရော']"
ရုတ်တရက်ကြည့်လိုက် ပရီးမီးယား လို့ဖတ်ပြီးကော်ဖီထုတ်ကိုမေးတယ်ထင်နေတာ အားနေငတ်နေတဲ့ငါလေး,"['ရုတ်တရက်', 'ကြည့်', 'လိုက်', 'ပရီးမီးယား', 'လို့', 'ဖတ်', 'ပြီး', 'ကော်ဖီ', 'ထုတ်', 'ကို', 'မေး', 'တယ်', 'ထင်', 'နေ', 'တာ', 'အား', 'နေ', 'ငတ်', 'နေ', 'တဲ့', 'ငါ', 'လေး']","['ရုတ်တရက်', 'ကြည့်', 'ပရီးမီးယား', 'လို့', 'ဖတ်', 'ကော်ဖီ', 'ထုတ်', 'မေး', 'ထင်', 'အား', 'ငတ်', 'ငါ']"
L'Oreal ကနေဝယ်လာတာ ညီမတော့ တော်တော်လေးအဆင်ပြေသွားတယ်အဆီလည်းမပြန်ဘူးမိတ်ကပ်လည်းမပျက်ဘူးးးကြာကြာလည်းခံတယ်,"[""L'Oreal"", 'က', 'နေ', 'ဝယ်', 'လာ', 'တာ', 'ညီ', 'မ', 'တော့', 'တော်တော်', 'လေး', 'အဆင်ပြေ', 'သွား', 'တယ်', 'အဆီ', 'လည်း', 'မ', 'ပြန်', 'ဘူး', 'မိတ်ကပ်', 'လည်း', 'မ', 'ပျက်', 'ဘူး', 'းး', 'ကြာ', 'ကြာ', 'လည်း', 'ခံ', 'တယ်']","[""L'Oreal"", 'ဝယ်', 'ညီ', 'မ', 'တော်တော်', 'အဆင်ပြေ', 'အဆီ', 'မ', 'မိတ်ကပ်', 'မ', 'ပျက်', 'းး', 'ကြာ', 'ကြာ', 'ခံ']"
"Pore Primer သုံးပါ Benefit ကတော့ MUA တော်တော်များသုံးကြပါတယ် သူ့ထက်ဈေးသင့်တဲ့ NYX, Catrice, Essence, Wet & Wild ကိုယ်အဆင်ပြေရာ သုံးလို့ရပါတယ်","['Pore', 'Primer', 'သုံး', 'ပါ', 'Benefit', 'က', 'တော့', 'MUA', 'တော်တော်', 'များ', 'သုံး', 'ကြ', 'ပါ', 'တယ်', 'သူ့', 'ထက်', 'ဈေး', 'သင့်', 'တဲ့', 'NYX,Catrice,Essence,', 'Wet&Wild', 'ကိုယ်', 'အဆင်ပြေ', 'ရာ', 'သုံး', 'လို့', 'ရ', 'ပါ', 'တယ်']","['Pore', 'Primer', 'သုံး', 'Benefit', 'MUA', 'တော်တော်', 'သုံး', 'သူ့', 'ထက်', 'ဈေး', 'သင့်', 'NYX', 'Catrice', 'Essence', 'Wet&Wild', 'ကိုယ်', 'အဆင်ပြေ', 'ရာ', 'သုံး', 'လို့']"
အရမ်းကောင်းတာနော် အစွန်းဆုံးကpore primerလေးက လူးတာကြာလာလေ ချွေးပေါက်တွေက်ို သိသိသာသာသက်သာလာတာ စျေးတော့ပုံမှန်primerထပ်နည်းနည်းမြောက်မယ် မြောက်သလောက်လဲအတော်ကောင်းတယ်,"['အရမ်း', 'ကောင်း', 'တာ', 'နော်', 'အစွန်း', 'ဆုံး', 'က', 'pore', 'primer', 'လေး', 'က', 'လူး', 'တာ', 'ကြာ', 'လာ', 'လေ', 'ချွေးပေါက်', 'တွေ', 'က', '်ို', 'သိ', 'သိ', 'သာ', 'သာ', 'သက်သာ', 'လာ', 'တာ', 'စျေး', 'တော့', 'ပုံမှန်', 'primer', 'ထပ်', 'နည်းနည်း', 'မြောက်', 'မယ်', 'မြောက်', 'သလောက်', 'လဲ', 'အတော်', 'ကောင်း', 'တယ်']","['ကောင်း', 'အစွန်း', 'ဆုံး', 'pore', 'primer', 'လူး', 'ကြာ', 'ချွေးပေါက်', '်ို', 'သိ', 'သိ', 'သာ', 'သာ', 'သက်သာ', 'စျေး', 'ပုံမှန်', 'primer', 'ထပ်', 'နည်းနည်း', 'မြောက်', 'မြောက်', 'သလောက်', 'အတော်', 'ကောင်း']"
Touch in Sol က Primer လေးတွေအရမ်းသုံးကောင်းပါတယ် sensitive skin ဆိုရင်ဒါလေး try ကြည့်ပါ မိတ်ကပ်သားလဲညှပ်ပြီး ကြာရှည်လဲခံပါတယ်,"['TouchinSol', 'က', 'Primer', 'လေး', 'တွေ', 'အရမ်း', 'သုံး', 'ကောင်း', 'ပါ', 'တယ်', 'sensitive', 'skin', 'ဆို', 'ရင်', 'ဒါ', 'လေး', 'try', 'ကြည့်', 'ပါ', 'မိတ်ကပ်', 'သား', 'လဲ', 'ညှပ်', 'ပြီး', 'ကြာရှည်', 'လဲ', 'ခံ', 'ပါ', 'တယ်']","['TouchinSol', 'Primer', 'သုံး', 'ကောင်း', 'sensitive', 'skin', 'ဒါ', 'try', 'ကြည့်', 'မိတ်ကပ်', 'သား', 'ညှပ်', 'ကြာရှည်', 'ခံ']"
တိုနာဝယ်ချင်လို့ ညွှန်းပေးပါအုံးရှင် အစကတော့ မျက်နှာအဆီပြန်တယ် ခုတော့မပြန်တော့ဘူးရှင့် mild ဖြစ်တဲ့တိုနာလေး လည်းဖြစ် တခါတလေ ဝက်ခြံ ထွက်တယ် အမဲစက် အမာရွတ် အနည်းငယ်ရှိပါတယ်ရှင့်,"['တိုနာ', 'ဝယ်', 'ချင်', 'လို့', 'ညွှန်း', 'ပေး', 'ပါ', 'အုံး', 'ရှင်', 'အစ', 'က', 'တော့', 'မျက်နှာ', 'အဆီ', 'ပြန်', 'တယ်', 'ခု', 'တော့', 'မ', 'ပြန်', 'တော့', 'ဘူး', 'ရှင့်', 'mild', 'ဖြစ်', 'တဲ့', 'တိုနာ', 'လေး', 'လည်း', 'ဖြစ်', 'တခါတလေ', 'ဝက်ခြံ', 'ထွက်', 'တယ်', 'အမဲစက်', 'အမာရွတ်', 'အနည်းငယ်', 'ရှိ', 'ပါ', 'တယ်', 'ရှင့်']","['တိုနာ', 'ဝယ်', 'လို့', 'ညွှန်း', 'အုံး', 'ရှင်', 'အစ', 'မျက်နှာ', 'အဆီ', 'မ', 'ရှင့်', 'mild', 'တိုနာ', 'တခါတလေ', 'ဝက်ခြံ', 'ထွက်', 'အမဲစက်', 'အမာရွတ်', 'အနည်းငယ်', 'ရှင့်']"
ကိုယ့်မျက်နှာက အဲ့ထက်ဆိုးနေပီ,"['ကိုယ့်', 'မျက်နှာ', 'က', 'အဲ့', 'ထက်', 'ဆိုး', 'နေ', 'ပီ']","['ကိုယ့်', 'မျက်နှာ', 'အဲ့', 'ထက်', 'ဆိုး', 'ပီ']"
